year,age,sex,pop
1965,0,M,889632.0
1965,0,F,852899.0
1965,1,M,846307.0
1965,1,F,812370.0
1965,2,M,822780.0
1965,2,F,791036.0
1965,3,M,799563.0
1965,3,F,767878.0
1965,4,M,791299.0
1965,4,F,759719.0
1965,5,M,798843.0
1965,5,F,769219.0
1965,6,M,814583.0
1965,6,F,785013.0
1965,7,M,793017.0
1965,7,F,767004.0
1965,8,M,770261.0
1965,8,F,744459.0
1965,9,M,818307.0
1965,9,F,788586.0
1965,10,M,864370.0
1965,10,F,831458.0
1965,11,M,862350.0
1965,11,F,830716.0
1965,12,M,920094.0
1965,12,F,893163.0
1965,13,M,979163.0
1965,13,F,948031.0
1965,14,M,1044193.0
1965,14,F,1009869.0
1965,15,M,1126864.0
1965,15,F,1097016.0
1965,16,M,1238803.0
1965,16,F,1213802.0
1965,17,M,1223286.0
1965,17,F,1199896.0
1965,18,M,1158183.0
1965,18,F,1137233.0
1965,19,M,731205.0
1965,19,F,725600.0
1965,20,M,772148.0
1965,20,F,781154.0
1965,21,M,936013.0
1965,21,F,953606.0
1965,22,M,911787.0
1965,22,F,929169.0
1965,23,M,943005.0
1965,23,F,960613.0
1965,24,M,933344.0
1965,24,F,947850.0
1965,25,M,858006.0
1965,25,F,872150.0
1965,26,M,754858.0
1965,26,F,767934.0
1965,27,M,817531.0
1965,27,F,832674.0
1965,28,M,854529.0
1965,28,F,862429.0
1965,29,M,872104.0
1965,29,F,871614.0
1965,30,M,844590.0
1965,30,F,839450.0
1965,31,M,819336.0
1965,31,F,815832.0
1965,32,M,835855.0
1965,32,F,831390.0
1965,33,M,830998.0
1965,33,F,817659.0
1965,34,M,816475.0
1965,34,F,805745.0
1965,35,M,783908.0
1965,35,F,773596.0
1965,36,M,770950.0
1965,36,F,765423.0
1965,37,M,753137.0
1965,37,F,748908.0
1965,38,M,729733.0
1965,38,F,733997.0
1965,39,M,709781.0
1965,39,F,729106.0
1965,40,M,661458.0
1965,40,F,702623.0
1965,41,M,592291.0
1965,41,F,662581.0
1965,42,M,524584.0
1965,42,F,646537.0
1965,43,M,490877.0
1965,43,F,626432.0
1965,44,M,460456.0
1965,44,F,593563.0
1965,45,M,493323.0
1965,45,F,623720.0
1965,46,M,414636.0
1965,46,F,506824.0
1965,47,M,429610.0
1965,47,F,518119.0
1965,48,M,437006.0
1965,48,F,520561.00000000006
1965,49,M,450019.0
1965,49,F,527993.0
1965,50,M,440867.0
1965,50,F,509922.0
1965,51,M,449330.0
1965,51,F,516409.0
1965,52,M,433905.0
1965,52,F,495826.0
1965,53,M,431345.0
1965,53,F,493973.0
1965,54,M,417456.0
1965,54,F,468965.0
1965,55,M,412277.0
1965,55,F,454095.0
1965,56,M,403175.0
1965,56,F,442435.0
1965,57,M,390624.0
1965,57,F,417280.0
1965,58,M,391227.0
1965,58,F,413377.0
1965,59,M,333166.0
1965,59,F,344353.0
1965,60,M,338585.0
1965,60,F,360165.0
1965,61,M,325115.0
1965,61,F,337868.0
1965,62,M,332937.0
1965,62,F,352462.0
1965,63,M,322357.0
1965,63,F,342607.0
1965,64,M,306095.0
1965,64,F,326268.0
1965,65,M,282179.0
1965,65,F,306184.0
1965,66,M,253590.0
1965,66,F,272664.0
1965,67,M,249274.0
1965,67,F,273813.0
1965,68,M,225540.0
1965,68,F,251103.0
1965,69,M,208284.0
1965,69,F,239680.0
1965,70,M,194905.0
1965,70,F,225619.0
1965,71,M,174582.0
1965,71,F,206555.0
1965,72,M,155702.0
1965,72,F,188930.0
1965,73,M,144033.0
1965,73,F,180134.0
1965,74,M,119772.0
1965,74,F,154329.0
1965,75,M,116879.0
1965,75,F,157891.0
1965,76,M,108541.0
1965,76,F,149914.0
1965,77,M,92155.0
1965,77,F,128536.0
1965,78,M,76031.0
1965,78,F,115421.0
1965,79,M,58265.0
1965,79,F,92281.0
1965,80,M,52152.0
1965,80,F,86990.0
1965,81,M,43980.0
1965,81,F,77877.0
1965,82,M,36816.0
1965,82,F,68817.0
1965,83,M,29489.0
1965,83,F,58183.0
1965,84,M,24509.0
1965,84,F,49303.0
1965,85,M,18382.0
1965,85,F,40292.0
1965,86,M,15217.0
1965,86,F,34367.0
1965,87,M,11420.0
1965,87,F,27139.0
1965,88,M,8642.0
1965,88,F,20959.0
1965,89,M,6466.0
1965,89,F,16274.0
1965,90,M,4440.0
1965,90,F,11362.0
1965,91,M,3108.0
1965,91,F,8491.0
1965,92,M,2210.0
1965,92,F,6225.0
1965,93,M,1719.0
1965,93,F,4498.0
1965,94,M,1378.0
1965,94,F,3282.0
1965,95,M,384.0
1965,95,F,1196.0
1965,96,M,211.0
1965,96,F,853.0
1965,97,M,153.0
1965,97,F,558.0
1965,98,M,53.0
1965,98,F,231.0
1965,99,M,33.0
1965,99,F,166.0
1965,100,M,39.0
1965,100,F,175.0
1970,0,M,963922.0
1970,0,F,913599.0
1970,1,M,954956.0
1970,1,F,907644.0
1970,2,M,932089.0
1970,2,F,886270.0
1970,3,M,933372.0
1970,3,F,889375.0
1970,4,M,728977.0
1970,4,F,695615.0
1970,5,M,904553.0
1970,5,F,863833.0
1970,6,M,848274.0
1970,6,F,810056.0
1970,7,M,825035.0
1970,7,F,790530.0
1970,8,M,800119.0
1970,8,F,765507.0
1970,9,M,792974.0
1970,9,F,758366.0
1970,10,M,802593.0
1970,10,F,770181.0
1970,11,M,815263.0
1970,11,F,783859.0
1970,12,M,795867.0
1970,12,F,766524.0
1970,13,M,774651.0
1970,13,F,745475.0
1970,14,M,817916.0
1970,14,F,786062.0
1970,15,M,858233.0
1970,15,F,829140.0
1970,16,M,855567.0
1970,16,F,833316.0
1970,17,M,904063.0
1970,17,F,888898.0
1970,18,M,950322.0
1970,18,F,940477.0
1970,19,M,1003317.0
1970,19,F,1000265.0
1970,20,M,1084586.0
1970,20,F,1086274.0
1970,21,M,1188614.0
1970,21,F,1197758.0
1970,22,M,1188109.0
1970,22,F,1199352.0
1970,23,M,1132255.0
1970,23,F,1139919.0
1970,24,M,719427.0
1970,24,F,724024.0
1970,25,M,768212.0
1970,25,F,777868.0
1970,26,M,937455.0
1970,26,F,954984.0
1970,27,M,917970.0
1970,27,F,932676.0
1970,28,M,952668.0
1970,28,F,960682.0
1970,29,M,940943.0
1970,29,F,945658.0
1970,30,M,868770.0
1970,30,F,873309.0
1970,31,M,761442.0
1970,31,F,764433.0
1970,32,M,823397.0
1970,32,F,829671.0
1970,33,M,857017.0
1970,33,F,857808.0
1970,34,M,871061.0
1970,34,F,865119.0
1970,35,M,844189.0
1970,35,F,838994.0
1970,36,M,815858.0
1970,36,F,811108.0
1970,37,M,830866.0
1970,37,F,826392.0
1970,38,M,822948.0
1970,38,F,810848.0
1970,39,M,807713.0
1970,39,F,797996.0
1970,40,M,773260.0
1970,40,F,764518.0
1970,41,M,749729.0
1970,41,F,744624.0
1970,42,M,731666.0
1970,42,F,726199.0
1970,43,M,711591.0
1970,43,F,716500.0
1970,44,M,699575.0
1970,44,F,722286.0
1970,45,M,649065.0
1970,45,F,694387.0
1970,46,M,581588.0
1970,46,F,654424.0
1970,47,M,515347.99999999994
1970,47,F,641404.0
1970,48,M,479914.0
1970,48,F,618752.0
1970,49,M,452767.0
1970,49,F,589967.0
1970,50,M,482272.0
1970,50,F,615337.0
1970,51,M,405365.0
1970,51,F,500293.0
1970,52,M,415735.0
1970,52,F,508345.0
1970,53,M,422029.0
1970,53,F,509593.0
1970,54,M,431690.0
1970,54,F,514792.00000000006
1970,55,M,413297.0
1970,55,F,483184.0
1970,56,M,419812.0
1970,56,F,489100.0
1970,57,M,405913.0
1970,57,F,472658.0
1970,58,M,409632.0
1970,58,F,481763.0
1970,59,M,393401.0
1970,59,F,455986.0
1970,60,M,384363.0
1970,60,F,438878.0
1970,61,M,372636.0
1970,61,F,425204.0
1970,62,M,354085.0
1970,62,F,395537.0
1970,63,M,346544.0
1970,63,F,385780.0
1970,64,M,297769.0
1970,64,F,325086.0
1970,65,M,299248.0
1970,65,F,336778.0
1970,66,M,284070.0
1970,66,F,313448.0
1970,67,M,286273.0
1970,67,F,325070.0
1970,68,M,273321.0
1970,68,F,312793.0
1970,69,M,256267.99999999997
1970,69,F,296610.0
1970,70,M,235033.0
1970,70,F,279162.0
1970,71,M,203621.0
1970,71,F,241246.0
1970,72,M,195151.0
1970,72,F,238783.0
1970,73,M,172897.0
1970,73,F,214399.0
1970,74,M,154939.0
1970,74,F,198565.0
1970,75,M,140370.0
1970,75,F,183410.0
1970,76,M,121420.0
1970,76,F,163580.0
1970,77,M,103896.0
1970,77,F,144979.0
1970,78,M,92542.0
1970,78,F,133758.0
1970,79,M,73670.0
1970,79,F,110531.0
1970,80,M,68914.0
1970,80,F,108899.0
1970,81,M,60455.0
1970,81,F,99290.0
1970,82,M,48114.0
1970,82,F,80350.0
1970,83,M,37147.0
1970,83,F,68170.0
1970,84,M,26726.0
1970,84,F,51482.0
1970,85,M,22404.0
1970,85,F,45571.0
1970,86,M,17549.0
1970,86,F,38100.0
1970,87,M,13861.0
1970,87,F,31119.0
1970,88,M,10095.0
1970,88,F,24188.0
1970,89,M,7659.0
1970,89,F,19128.0
1970,90,M,5408.0
1970,90,F,14293.0
1970,91,M,4211.0
1970,91,F,11207.0
1970,92,M,2891.0
1970,92,F,8021.000000000001
1970,93,M,2024.0
1970,93,F,5725.0
1970,94,M,1569.0
1970,94,F,4266.0
1970,95,M,617.0
1970,95,F,1951.0
1970,96,M,364.0
1970,96,F,1248.0
1970,97,M,219.0
1970,97,F,763.0
1970,98,M,104.0
1970,98,F,451.0
1970,99,M,60.0
1970,99,F,237.0
1970,100,M,65.0
1970,100,F,243.0
1975,0,M,981383.0
1975,0,F,933175.0
1975,1,M,1041685.0
1975,1,F,987951.0
1975,2,M,1057395.0
1975,2,F,1007296.0
1975,3,M,1037107.0
1975,3,F,984243.0
1975,4,M,1012645.0
1975,4,F,961915.0
1975,5,M,984513.0
1975,5,F,931951.0
1975,6,M,967276.0
1975,6,F,917338.0
1975,7,M,946625.0
1975,7,F,898796.0
1975,8,M,949239.0
1975,8,F,903183.0
1975,9,M,738553.0
1975,9,F,704290.0
1975,10,M,919456.0
1975,10,F,876941.0
1975,11,M,859963.0
1975,11,F,820434.0
1975,12,M,839849.0
1975,12,F,802111.0
1975,13,M,814606.0
1975,13,F,777757.0
1975,14,M,805527.0
1975,14,F,768886.0
1975,15,M,812918.0
1975,15,F,778496.0
1975,16,M,830182.0
1975,16,F,797500.0
1975,17,M,804999.0
1975,17,F,777669.0
1975,18,M,779017.0
1975,18,F,757737.0
1975,19,M,815414.0
1975,19,F,797933.0
1975,20,M,851840.0
1975,20,F,831616.0
1975,21,M,843551.0
1975,21,F,829621.0
1975,22,M,899453.0
1975,22,F,891000.0
1975,23,M,952062.0
1975,23,F,945567.0
1975,24,M,1019162.0
1975,24,F,1011411.0
1975,25,M,1103977.0
1975,25,F,1095241.0
1975,26,M,1214727.0
1975,26,F,1204944.0
1975,27,M,1214591.0
1975,27,F,1201122.0
1975,28,M,1163917.0
1975,28,F,1145823.0
1975,29,M,732100.0
1975,29,F,722632.0
1975,30,M,790147.0
1975,30,F,789634.0
1975,31,M,964308.0
1975,31,F,965687.0
1975,32,M,941219.0
1975,32,F,941442.0
1975,33,M,973767.0
1975,33,F,970437.0
1975,34,M,957726.0
1975,34,F,955263.0
1975,35,M,879054.0
1975,35,F,879722.0
1975,36,M,770355.0
1975,36,F,769619.0
1975,37,M,829262.0
1975,37,F,832685.0
1975,38,M,861068.0
1975,38,F,860068.0
1975,39,M,875173.0
1975,39,F,868811.0
1975,40,M,851238.0
1975,40,F,847113.0
1975,41,M,818273.0
1975,41,F,813952.0
1975,42,M,831241.0
1975,42,F,827578.0
1975,43,M,821598.0
1975,43,F,811780.0
1975,44,M,805011.0
1975,44,F,799705.0
1975,45,M,771025.0
1975,45,F,767753.0
1975,46,M,754919.0
1975,46,F,757413.0
1975,47,M,734373.0
1975,47,F,738341.0
1975,48,M,708324.0
1975,48,F,722812.0
1975,49,M,689897.0
1975,49,F,719603.0
1975,50,M,640340.0
1975,50,F,691420.0
1975,51,M,568110.0
1975,51,F,646542.0
1975,52,M,501129.0
1975,52,F,631450.0
1975,53,M,467058.0
1975,53,F,610972.0
1975,54,M,441592.0
1975,54,F,585415.0
1975,55,M,466443.0
1975,55,F,606995.0
1975,56,M,388353.0
1975,56,F,489589.0
1975,57,M,400875.0
1975,57,F,500384.0
1975,58,M,404973.0
1975,58,F,499701.0
1975,59,M,413187.0
1975,59,F,505015.0
1975,60,M,401962.0
1975,60,F,485284.0
1975,61,M,404617.0
1975,61,F,488943.0
1975,62,M,387994.0
1975,62,F,469267.0
1975,63,M,379980.0
1975,63,F,464488.0
1975,64,M,362348.0
1975,64,F,440571.0
1975,65,M,353341.0
1975,65,F,425628.0
1975,66,M,337460.0
1975,66,F,406482.0
1975,67,M,316762.0
1975,67,F,375523.0
1975,68,M,306632.0
1975,68,F,365271.0
1975,69,M,257908.00000000003
1975,69,F,305418.0
1975,70,M,255449.0
1975,70,F,311428.0
1975,71,M,239216.0
1975,71,F,289120.0
1975,72,M,235349.0
1975,72,F,292028.0
1975,73,M,218623.0
1975,73,F,277336.0
1975,74,M,199924.0
1975,74,F,258438.0
1975,75,M,176311.0
1975,75,F,232650.0
1975,76,M,150797.0
1975,76,F,201793.0
1975,77,M,139530.0
1975,77,F,194461.0
1975,78,M,119507.0
1975,78,F,171158.0
1975,79,M,102544.0
1975,79,F,152900.0
1975,80,M,88998.0
1975,80,F,135541.0
1975,81,M,72702.0
1975,81,F,114754.0
1975,82,M,59430.0
1975,82,F,98186.0
1975,83,M,49545.0
1975,83,F,85195.0
1975,84,M,37259.0
1975,84,F,67401.0
1975,85,M,32637.999999999996
1975,85,F,62023.0
1975,86,M,26412.0
1975,86,F,53092.0
1975,87,M,19261.0
1975,87,F,40203.0
1975,88,M,13642.0
1975,88,F,31247.0
1975,89,M,9030.0
1975,89,F,21631.0
1975,90,M,6921.0
1975,90,F,17476.0
1975,91,M,5074.0
1975,91,F,13169.0
1975,92,M,3489.0
1975,92,F,9831.0
1975,93,M,2439.0
1975,93,F,6929.0
1975,94,M,1757.0
1975,94,F,5145.0
1975,95,M,796.0
1975,95,F,2778.0
1975,96,M,561.0
1975,96,F,1860.0
1975,97,M,320.0
1975,97,F,1181.0
1975,98,M,173.0
1975,98,F,739.0
1975,99,M,96.0
1975,99,F,454.0
1975,100,M,106.0
1975,100,F,468.0
1980,0,M,814406.0
1980,0,F,773051.0
1980,1,M,840422.0
1980,1,F,796800.0
1980,2,M,874565.0
1980,2,F,832515.0
1980,3,M,897254.0
1980,3,F,852967.0
1980,4,M,943023.0
1980,4,F,895547.0
1980,5,M,988710.0
1980,5,F,939548.0
1980,6,M,1044261.0
1980,6,F,990497.0
1980,7,M,1058793.0
1980,7,F,1009712.0
1980,8,M,1039781.0
1980,8,F,986536.0
1980,9,M,1015268.0
1980,9,F,965159.0
1980,10,M,987527.0
1980,10,F,934795.0
1980,11,M,970751.0
1980,11,F,920931.0
1980,12,M,948743.0
1980,12,F,900689.0
1980,13,M,951344.0
1980,13,F,904282.0
1980,14,M,740309.0
1980,14,F,705806.0
1980,15,M,919718.0
1980,15,F,876336.0
1980,16,M,861739.0
1980,16,F,821394.0
1980,17,M,837483.0
1980,17,F,801623.0
1980,18,M,810762.0
1980,18,F,780090.0
1980,19,M,797630.0
1980,19,F,770704.0
1980,20,M,799881.0
1980,20,F,775984.0
1980,21,M,812205.0
1980,21,F,791046.0
1980,22,M,786780.0
1980,22,F,772263.0
1980,23,M,762504.0
1980,23,F,750722.0
1980,24,M,802612.0
1980,24,F,792487.0
1980,25,M,839243.0
1980,25,F,824909.0
1980,26,M,838844.0
1980,26,F,828620.0
1980,27,M,898208.0
1980,27,F,890465.0
1980,28,M,953433.0
1980,28,F,945628.0
1980,29,M,1019795.0
1980,29,F,1008057.0
1980,30,M,1103636.0
1980,30,F,1090262.0
1980,31,M,1216123.0
1980,31,F,1200815.0
1980,32,M,1214489.0
1980,32,F,1198165.0
1980,33,M,1163450.0
1980,33,F,1142851.0
1980,34,M,728654.0
1980,34,F,720242.0
1980,35,M,784148.0
1980,35,F,785970.0
1980,36,M,960506.0
1980,36,F,964322.0
1980,37,M,935715.0
1980,37,F,939816.0
1980,38,M,968309.0
1980,38,F,968115.0
1980,39,M,950110.0
1980,39,F,950502.0
1980,40,M,869103.0
1980,40,F,872593.0
1980,41,M,761598.0
1980,41,F,764259.0
1980,42,M,818799.0
1980,42,F,825968.0
1980,43,M,849798.0
1980,43,F,853677.0
1980,44,M,863301.0
1980,44,F,863659.0
1980,45,M,835680.0
1980,45,F,839183.0
1980,46,M,802073.0
1980,46,F,806669.0
1980,47,M,812866.0
1980,47,F,819317.0
1980,48,M,801858.0
1980,48,F,803452.0
1980,49,M,784037.0
1980,49,F,790167.0
1980,50,M,750915.0
1980,50,F,758615.0
1980,51,M,732853.0
1980,51,F,745871.0
1980,52,M,712783.0
1980,52,F,729244.0
1980,53,M,688925.0
1980,53,F,719541.0
1980,54,M,664299.0
1980,54,F,701122.0
1980,55,M,616887.0
1980,55,F,679036.0
1980,56,M,546953.0
1980,56,F,634022.0
1980,57,M,481249.0
1980,57,F,618844.0
1980,58,M,447753.0
1980,58,F,599237.0
1980,59,M,420496.0
1980,59,F,572063.0
1980,60,M,443006.0
1980,60,F,592685.0
1980,61,M,366957.0
1980,61,F,475150.0
1980,62,M,376450.0
1980,62,F,484806.0
1980,63,M,378313.0
1980,63,F,482561.0
1980,64,M,382691.0
1980,64,F,484983.0
1980,65,M,369362.0
1980,65,F,463965.0
1980,66,M,368253.0
1980,66,F,465232.0
1980,67,M,349123.0
1980,67,F,445300.0
1980,68,M,339025.0
1980,68,F,435111.0
1980,69,M,319226.0
1980,69,F,412169.0
1980,70,M,306620.0
1980,70,F,394900.0
1980,71,M,287960.0
1980,71,F,373822.0
1980,72,M,265885.0
1980,72,F,341384.0
1980,73,M,251371.0
1980,73,F,326647.0
1980,74,M,206798.0
1980,74,F,269138.0
1980,75,M,200207.0
1980,75,F,270276.0
1980,76,M,181612.0
1980,76,F,246158.0
1980,77,M,174010.0
1980,77,F,243458.0
1980,78,M,155970.0
1980,78,F,224690.0
1980,79,M,137520.0
1980,79,F,203795.0
1980,80,M,116392.0
1980,80,F,177634.0
1980,81,M,94919.0
1980,81,F,148732.0
1980,82,M,83693.0
1980,82,F,137163.0
1980,83,M,68089.0
1980,83,F,114788.0
1980,84,M,54905.0
1980,84,F,97819.0
1980,85,M,44815.0
1980,85,F,81411.0
1980,86,M,34356.0
1980,86,F,65157.0
1980,87,M,25879.0
1980,87,F,52050.0
1980,88,M,19936.0
1980,88,F,42172.0
1980,89,M,13828.0
1980,89,F,30543.0
1980,90,M,11102.0
1980,90,F,25725.0
1980,91,M,7989.0
1980,91,F,20226.0
1980,92,M,5392.0
1980,92,F,13720.0
1980,93,M,3400.0
1980,93,F,9529.0
1980,94,M,2052.0
1980,94,F,5936.0
1980,95,M,1267.0
1980,95,F,4014.9999999999995
1980,96,M,896.0
1980,96,F,2699.0
1980,97,M,506.0
1980,97,F,1799.0
1980,98,M,294.0
1980,98,F,1040.0
1980,99,M,164.0
1980,99,F,664.0
1980,100,M,176.0
1980,100,F,813.0
1985,0,M,731888.0
1985,0,F,698241.0
1985,1,M,762277.0
1985,1,F,726575.0
1985,2,M,770378.0
1985,2,F,735031.0
1985,3,M,772521.0
1985,3,F,736698.0
1985,4,M,783384.0
1985,4,F,744740.0
1985,5,M,818836.0
1985,5,F,778319.0
1985,6,M,840036.0
1985,6,F,796977.0
1985,7,M,873847.0
1985,7,F,832881.0
1985,8,M,897851.0
1985,8,F,854608.0
1985,9,M,944420.0
1985,9,F,896916.0
1985,10,M,988172.0
1985,10,F,940027.0
1985,11,M,1044227.0000000001
1985,11,F,991117.0
1985,12,M,1059236.0
1985,12,F,1010483.0
1985,13,M,1041343.0000000001
1985,13,F,988531.0
1985,14,M,1016380.0
1985,14,F,966170.0
1985,15,M,989530.0
1985,15,F,936210.0
1985,16,M,973526.0
1985,16,F,922684.0
1985,17,M,949266.0
1985,17,F,902317.0
1985,18,M,950972.0
1985,18,F,908669.0
1985,19,M,739371.0
1985,19,F,710700.0
1985,20,M,913937.0
1985,20,F,880117.0
1985,21,M,849415.0
1985,21,F,819661.0
1985,22,M,825128.0
1985,22,F,797951.0
1985,23,M,795416.0
1985,23,F,773891.0
1985,24,M,784308.0
1985,24,F,763947.0
1985,25,M,789345.0
1985,25,F,771593.0
1985,26,M,803946.0
1985,26,F,788303.0
1985,27,M,784768.0
1985,27,F,771185.0
1985,28,M,765219.0
1985,28,F,751314.0
1985,29,M,806943.0
1985,29,F,793577.0
1985,30,M,845382.0
1985,30,F,826802.0
1985,31,M,843237.0
1985,31,F,829051.0
1985,32,M,900205.0
1985,32,F,890050.0
1985,33,M,952996.0
1985,33,F,943631.0
1985,34,M,1018584.0
1985,34,F,1007493.0
1985,35,M,1099611.0
1985,35,F,1088699.0
1985,36,M,1210669.0
1985,36,F,1198535.0
1985,37,M,1208457.0
1985,37,F,1195927.0
1985,38,M,1158059.0
1985,38,F,1139706.0
1985,39,M,724015.0
1985,39,F,718257.0
1985,40,M,779814.0
1985,40,F,784363.0
1985,41,M,951657.0
1985,41,F,959096.0
1985,42,M,926100.0
1985,42,F,933730.0
1985,43,M,957837.0
1985,43,F,962294.0
1985,44,M,938653.0
1985,44,F,944699.0
1985,45,M,857552.0
1985,45,F,866353.0
1985,46,M,750383.0
1985,46,F,758809.0
1985,47,M,805444.0
1985,47,F,818730.0
1985,48,M,834761.0
1985,48,F,846391.0
1985,49,M,845904.0
1985,49,F,855177.0
1985,50,M,818886.0
1985,50,F,831585.0
1985,51,M,781670.0
1985,51,F,796548.0
1985,52,M,790233.0
1985,52,F,807819.0
1985,53,M,778253.0
1985,53,F,793124.0
1985,54,M,759134.0
1985,54,F,778416.0
1985,55,M,723705.0
1985,55,F,746018.0
1985,56,M,706957.0
1985,56,F,734872.0
1985,57,M,685347.0
1985,57,F,716502.0
1985,58,M,659698.0
1985,58,F,704642.0
1985,59,M,635109.0
1985,59,F,689109.0
1985,60,M,588440.0
1985,60,F,665720.0
1985,61,M,519927.0
1985,61,F,618936.0
1985,62,M,455529.0
1985,62,F,603686.0
1985,63,M,422080.0
1985,63,F,582978.0
1985,64,M,394900.0
1985,64,F,554925.0
1985,65,M,412191.0
1985,65,F,572687.0
1985,66,M,338435.0
1985,66,F,456537.0
1985,67,M,345086.0
1985,67,F,465058.0
1985,68,M,343463.0
1985,68,F,459851.0
1985,69,M,342550.0
1985,69,F,458750.0
1985,70,M,327676.0
1985,70,F,437518.0
1985,71,M,323514.0
1985,71,F,435030.0
1985,72,M,301358.0
1985,72,F,412699.0
1985,73,M,286990.0
1985,73,F,401086.0
1985,74,M,264657.0
1985,74,F,373871.0
1985,75,M,249456.0
1985,75,F,354150.0
1985,76,M,227848.0
1985,76,F,328535.0
1985,77,M,204435.0
1985,77,F,295290.0
1985,78,M,187437.0
1985,78,F,276165.0
1985,79,M,148649.0
1985,79,F,222060.0
1985,80,M,138355.0
1985,80,F,216432.0
1985,81,M,120934.0
1985,81,F,190626.0
1985,82,M,110645.0
1985,82,F,182053.0
1985,83,M,93857.0
1985,83,F,161258.0
1985,84,M,78650.0
1985,84,F,140493.0
1985,85,M,62618.0
1985,85,F,115992.0
1985,86,M,48510.0
1985,86,F,91933.0
1985,87,M,39677.0
1985,87,F,80499.0
1985,88,M,30020.0
1985,88,F,62684.0
1985,89,M,22570.0
1985,89,F,49176.0
1985,90,M,17056.0
1985,90,F,37843.0
1985,91,M,12024.0
1985,91,F,27824.0
1985,92,M,8125.0
1985,92,F,20308.0
1985,93,M,5712.0
1985,93,F,14719.0
1985,94,M,3607.0
1985,94,F,10026.0
1985,95,M,2390.0
1985,95,F,6564.0
1985,96,M,1579.0
1985,96,F,4760.0
1985,97,M,1010.9999999999999
1985,97,F,2913.0
1985,98,M,494.0
1985,98,F,1799.0
1985,99,M,291.0
1985,99,F,926.0
1985,100,M,372.0
1985,100,F,1386.0
1990,0,M,623297.0
1990,0,F,593569.0
1990,1,M,647687.0
1990,1,F,616072.0
1990,2,M,669602.0
1990,2,F,635284.0
1990,3,M,690231.0
1990,3,F,656659.0
1990,4,M,706912.0
1990,4,F,670383.0
1990,5,M,738612.0
1990,5,F,703422.0
1990,6,M,764266.0
1990,6,F,727558.0
1990,7,M,772303.0
1990,7,F,735806.0
1990,8,M,774340.0
1990,8,F,737655.0
1990,9,M,785505.0
1990,9,F,746063.0
1990,10,M,820209.0
1990,10,F,779085.0
1990,11,M,841980.0
1990,11,F,798276.0
1990,12,M,876310.0
1990,12,F,833806.0
1990,13,M,899551.0
1990,13,F,854578.0
1990,14,M,946901.0
1990,14,F,897740.0
1990,15,M,989189.0
1990,15,F,939196.0
1990,16,M,1045723.0
1990,16,F,990108.0
1990,17,M,1058678.0
1990,17,F,1008149.0
1990,18,M,1038128.9999999999
1990,18,F,988745.0
1990,19,M,1009785.0
1990,19,F,966955.0
1990,20,M,978209.0
1990,20,F,934224.0
1990,21,M,948302.0
1990,21,F,914691.0
1990,22,M,923849.0
1990,22,F,895185.0
1990,23,M,920804.0
1990,23,F,895666.0
1990,24,M,716496.0
1990,24,F,700221.0
1990,25,M,887512.0
1990,25,F,866435.0
1990,26,M,830337.0
1990,26,F,810891.0
1990,27,M,812229.0
1990,27,F,793005.0
1990,28,M,787382.0
1990,28,F,769187.0
1990,29,M,777737.0
1990,29,F,759811.0
1990,30,M,785004.0
1990,30,F,768680.0
1990,31,M,802107.0
1990,31,F,786567.0
1990,32,M,782660.0
1990,32,F,769653.0
1990,33,M,763950.0
1990,33,F,750446.0
1990,34,M,806479.0
1990,34,F,793465.0
1990,35,M,841135.0
1990,35,F,824408.0
1990,36,M,840798.0
1990,36,F,828187.0
1990,37,M,896134.0
1990,37,F,888422.0
1990,38,M,950104.0
1990,38,F,941941.0
1990,39,M,1013122.0
1990,39,F,1003328.0
1990,40,M,1093231.0
1990,40,F,1083905.0
1990,41,M,1205626.0
1990,41,F,1194088.0
1990,42,M,1201419.0
1990,42,F,1190126.0
1990,43,M,1149760.0
1990,43,F,1134126.0
1990,44,M,719683.0
1990,44,F,714909.0
1990,45,M,771886.0
1990,45,F,778226.0
1990,46,M,941341.0
1990,46,F,950729.0
1990,47,M,914935.0
1990,47,F,925710.0
1990,48,M,947839.0
1990,48,F,955095.0
1990,49,M,923226.0
1990,49,F,933660.0
1990,50,M,842381.0
1990,50,F,855774.0
1990,51,M,735889.0
1990,51,F,748564.0
1990,52,M,790183.0
1990,52,F,810659.0
1990,53,M,817981.0
1990,53,F,837374.0
1990,54,M,825759.0
1990,54,F,845644.0
1990,55,M,792479.0
1990,55,F,816526.0
1990,56,M,758192.0
1990,56,F,786752.0
1990,57,M,764512.0
1990,57,F,796574.0
1990,58,M,752656.0
1990,58,F,783080.0
1990,59,M,729174.0
1990,59,F,764988.0
1990,60,M,693411.0
1990,60,F,732031.0
1990,61,M,675641.0
1990,61,F,719778.0
1990,62,M,653200.0
1990,62,F,701168.0
1990,63,M,626587.0
1990,63,F,687602.0
1990,64,M,598724.0
1990,64,F,673346.0
1990,65,M,550908.0
1990,65,F,644201.0
1990,66,M,483403.0
1990,66,F,598537.0
1990,67,M,421997.0
1990,67,F,582413.0
1990,68,M,387752.0
1990,68,F,559606.0
1990,69,M,358057.0
1990,69,F,528479.0
1990,70,M,371330.0
1990,70,F,544084.0
1990,71,M,300798.0
1990,71,F,430292.0
1990,72,M,304521.0
1990,72,F,437265.0
1990,73,M,296700.0
1990,73,F,425808.0
1990,74,M,291772.0
1990,74,F,423549.0
1990,75,M,274509.0
1990,75,F,398363.0
1990,76,M,264677.0
1990,76,F,391644.0
1990,77,M,241705.0
1990,77,F,367466.0
1990,78,M,222950.0
1990,78,F,349311.0
1990,79,M,197587.0
1990,79,F,316739.0
1990,80,M,180108.0
1990,80,F,293504.0
1990,81,M,158108.0
1990,81,F,264953.0
1990,82,M,135735.0
1990,82,F,230571.0
1990,83,M,118051.0
1990,83,F,207824.0
1990,84,M,88608.0
1990,84,F,159374.0
1990,85,M,78374.0
1990,85,F,149018.0
1990,86,M,64614.00000000001
1990,86,F,124914.0
1990,87,M,55587.0
1990,87,F,113092.0
1990,88,M,43665.0
1990,88,F,94226.0
1990,89,M,34338.0
1990,89,F,76966.0
1990,90,M,24709.0
1990,90,F,58347.0
1990,91,M,17903.0
1990,91,F,43013.0
1990,92,M,13311.0
1990,92,F,34230.0
1990,93,M,9155.0
1990,93,F,24427.0
1990,94,M,6175.0
1990,94,F,17115.0
1990,95,M,4128.0
1990,95,F,11510.0
1990,96,M,2530.0
1990,96,F,7427.0
1990,97,M,1534.0
1990,97,F,4821.0
1990,98,M,936.0
1990,98,F,3029.0
1990,99,M,566.0
1990,99,F,1791.0
1990,100,M,648.0
1990,100,F,2578.0
1995,0,M,610057.0
1995,0,F,582736.0
1995,1,M,615831.0
1995,1,F,586394.0
1995,2,M,607711.0
1995,2,F,578741.0
1995,3,M,620327.0
1995,3,F,588941.0
1995,4,M,620264.0
1995,4,F,590283.0
1995,5,M,630760.0
1995,5,F,601711.0
1995,6,M,650617.0
1995,6,F,620272.0
1995,7,M,673262.0
1995,7,F,639207.0
1995,8,M,691786.0
1995,8,F,659361.0
1995,9,M,707851.0
1995,9,F,672260.0
1995,10,M,737076.0
1995,10,F,703580.0
1995,11,M,763501.0
1995,11,F,728239.0
1995,12,M,771710.0
1995,12,F,736633.0
1995,13,M,774752.0
1995,13,F,738441.0
1995,14,M,785005.0
1995,14,F,746186.0
1995,15,M,821955.0
1995,15,F,779924.0
1995,16,M,844684.0
1995,16,F,799340.0
1995,17,M,876640.0
1995,17,F,833390.0
1995,18,M,900253.0
1995,18,F,857983.0
1995,19,M,948485.0
1995,19,F,904334.0
1995,20,M,982956.0
1995,20,F,938233.0
1995,21,M,1029483.9999999999
1995,21,F,982738.0
1995,22,M,1037895.0
1995,22,F,1000432.0
1995,23,M,1013608.0
1995,23,F,978559.0
1995,24,M,985582.0
1995,24,F,957459.0
1995,25,M,956932.0
1995,25,F,928379.0
1995,26,M,939208.0
1995,26,F,915179.0
1995,27,M,921627.0
1995,27,F,896396.0
1995,28,M,921632.0
1995,28,F,896641.0
1995,29,M,719962.0
1995,29,F,702634.0
1995,30,M,892769.0
1995,30,F,869335.0
1995,31,M,835876.0
1995,31,F,813955.0
1995,32,M,817664.0
1995,32,F,796446.0
1995,33,M,792025.0
1995,33,F,772807.0
1995,34,M,781871.0
1995,34,F,762863.0
1995,35,M,789868.0
1995,35,F,772310.0
1995,36,M,804630.0
1995,36,F,788449.0
1995,37,M,783698.0
1995,37,F,770610.0
1995,38,M,765713.0
1995,38,F,752637.0
1995,39,M,807548.0
1995,39,F,794944.0
1995,40,M,839358.0
1995,40,F,824443.0
1995,41,M,840310.0
1995,41,F,828218.0
1995,42,M,895775.0
1995,42,F,887216.0
1995,43,M,948317.0
1995,43,F,940691.0
1995,44,M,1009919.0
1995,44,F,1001098.0
1995,45,M,1089800.0
1995,45,F,1081166.0
1995,46,M,1202528.0
1995,46,F,1191131.0
1995,47,M,1191255.0
1995,47,F,1182648.0
1995,48,M,1139675.0
1995,48,F,1127794.0
1995,49,M,712774.0
1995,49,F,710915.0
1995,50,M,760369.0
1995,50,F,770619.0
1995,51,M,928776.0
1995,51,F,943417.0
1995,52,M,901858.0
1995,52,F,917545.0
1995,53,M,930174.0
1995,53,F,946251.0
1995,54,M,907197.0
1995,54,F,925431.0
1995,55,M,826439.0
1995,55,F,847946.0
1995,56,M,720990.0
1995,56,F,741073.0
1995,57,M,770703.0
1995,57,F,800537.0
1995,58,M,794960.0
1995,58,F,825725.0
1995,59,M,799258.0
1995,59,F,834318.0
1995,60,M,763964.0
1995,60,F,804253.0
1995,61,M,726305.0
1995,61,F,770877.0
1995,62,M,727752.0
1995,62,F,779216.0
1995,63,M,711903.0
1995,63,F,764833.0
1995,64,M,687098.0
1995,64,F,746500.0
1995,65,M,649730.0
1995,65,F,712658.0
1995,66,M,629677.0
1995,66,F,698823.0
1995,67,M,604107.0
1995,67,F,678350.0
1995,68,M,574200.0
1995,68,F,660650.0
1995,69,M,544926.0
1995,69,F,648990.0
1995,70,M,497200.0
1995,70,F,617716.0
1995,71,M,431177.0
1995,71,F,568950.0
1995,72,M,371708.0
1995,72,F,551410.0
1995,73,M,337117.0
1995,73,F,525605.0
1995,74,M,306834.0
1995,74,F,491579.0
1995,75,M,312562.0
1995,75,F,500198.0
1995,76,M,247634.0
1995,76,F,391119.0
1995,77,M,246119.0
1995,77,F,394536.0
1995,78,M,233362.0
1995,78,F,376876.0
1995,79,M,222321.0
1995,79,F,367136.0
1995,80,M,202726.0
1995,80,F,339931.0
1995,81,M,189117.0
1995,81,F,326453.0
1995,82,M,165098.0
1995,82,F,296659.0
1995,83,M,145732.0
1995,83,F,273823.0
1995,84,M,122861.0
1995,84,F,240281.0
1995,85,M,106074.0
1995,85,F,213446.0
1995,86,M,88094.0
1995,86,F,184424.0
1995,87,M,71180.0
1995,87,F,154277.0
1995,88,M,57407.0
1995,88,F,129841.00000000001
1995,89,M,39650.0
1995,89,F,93332.0
1995,90,M,32476.0
1995,90,F,81456.0
1995,91,M,24748.0
1995,91,F,63804.0
1995,92,M,19458.0
1995,92,F,52550.0
1995,93,M,13859.0
1995,93,F,40208.0
1995,94,M,9793.0
1995,94,F,29712.0
1995,95,M,6177.0
1995,95,F,20200.0
1995,96,M,4033.0000000000005
1995,96,F,13469.0
1995,97,M,2821.0
1995,97,F,9720.0
1995,98,M,1707.0
1995,98,F,6037.0
1995,99,M,976.0
1995,99,F,3834.0
1995,100,M,1205.0
1995,100,F,4972.0
2000,0,M,601892.0
2000,0,F,571896.0
2000,1,M,598321.0
2000,1,F,569956.0
2000,2,M,611766.0
2000,2,F,582550.0
2000,3,M,609383.0
2000,3,F,582068.0
2000,4,M,608289.0
2000,4,F,578669.0
2000,5,M,617120.0
2000,5,F,589169.0
2000,6,M,619673.0
2000,6,F,590231.0
2000,7,M,610354.0
2000,7,F,580724.0
2000,8,M,621916.0
2000,8,F,590518.0
2000,9,M,621503.0
2000,9,F,591300.0
2000,10,M,635615.0
2000,10,F,606089.0
2000,11,M,647822.0
2000,11,F,616740.0
2000,12,M,675247.0
2000,12,F,641469.0
2000,13,M,693799.0
2000,13,F,661075.0
2000,14,M,708322.0
2000,14,F,671937.0
2000,15,M,740214.0
2000,15,F,705241.0
2000,16,M,767352.0
2000,16,F,729315.0
2000,17,M,774722.0
2000,17,F,737804.0
2000,18,M,774526.0
2000,18,F,738703.0
2000,19,M,786267.0
2000,19,F,747672.0
2000,20,M,825697.0
2000,20,F,777848.0
2000,21,M,836730.0
2000,21,F,791600.0
2000,22,M,861082.0
2000,22,F,822905.0
2000,23,M,876353.0
2000,23,F,842246.0
2000,24,M,918514.0
2000,24,F,885099.0
2000,25,M,958205.0
2000,25,F,926410.0
2000,26,M,1007940.0
2000,26,F,974971.0
2000,27,M,1023550.0
2000,27,F,997016.0
2000,28,M,1007053.0
2000,28,F,977247.0
2000,29,M,981169.0
2000,29,F,955758.0
2000,30,M,957473.0
2000,30,F,930451.0
2000,31,M,936800.0
2000,31,F,916453.0
2000,32,M,918784.0
2000,32,F,897924.0
2000,33,M,918318.0
2000,33,F,897139.0
2000,34,M,716720.0
2000,34,F,703538.0
2000,35,M,890109.0
2000,35,F,871024.0
2000,36,M,833052.0
2000,36,F,815563.0
2000,37,M,815492.0
2000,37,F,798809.0
2000,38,M,788804.0
2000,38,F,774108.0
2000,39,M,778974.0
2000,39,F,764230.0
2000,40,M,786188.0
2000,40,F,773317.0
2000,41,M,801727.0
2000,41,F,790113.0
2000,42,M,780662.0
2000,42,F,771587.0
2000,43,M,762497.0
2000,43,F,752677.0
2000,44,M,802382.0
2000,44,F,793146.0
2000,45,M,831987.0
2000,45,F,821729.0
2000,46,M,832487.0
2000,46,F,824388.0
2000,47,M,884959.0
2000,47,F,882295.0
2000,48,M,934485.0
2000,48,F,933735.0
2000,49,M,994277.0
2000,49,F,991568.0
2000,50,M,1071026.0
2000,50,F,1071791.0
2000,51,M,1174982.0
2000,51,F,1177090.0
2000,52,M,1167998.0
2000,52,F,1171803.0
2000,53,M,1112585.0
2000,53,F,1114720.0
2000,54,M,695802.0
2000,54,F,703062.0
2000,55,M,741909.0
2000,55,F,762781.0
2000,56,M,903243.0
2000,56,F,932875.0
2000,57,M,875796.0
2000,57,F,906906.0
2000,58,M,902904.0
2000,58,F,934507.0
2000,59,M,876707.0
2000,59,F,912421.0
2000,60,M,798352.0
2000,60,F,836821.0
2000,61,M,695191.0
2000,61,F,731824.0
2000,62,M,740341.0
2000,62,F,788911.0
2000,63,M,763844.0
2000,63,F,816023.0
2000,64,M,760735.0
2000,64,F,817661.0
2000,65,M,723966.0
2000,65,F,788916.0
2000,66,M,680178.0
2000,66,F,750565.0
2000,67,M,676536.0
2000,67,F,756128.0
2000,68,M,656065.0
2000,68,F,738883.0
2000,69,M,628296.0
2000,69,F,718652.0
2000,70,M,591702.0
2000,70,F,684100.0
2000,71,M,564276.0
2000,71,F,667508.0
2000,72,M,536632.0
2000,72,F,646141.0
2000,73,M,505689.0
2000,73,F,624155.0
2000,74,M,477890.0
2000,74,F,612143.0
2000,75,M,429577.0
2000,75,F,578998.0
2000,76,M,366938.0
2000,76,F,528129.0
2000,77,M,311619.0
2000,77,F,507210.0
2000,78,M,275327.0
2000,78,F,474521.0
2000,79,M,245928.0
2000,79,F,438797.0
2000,80,M,243877.0
2000,80,F,438936.0
2000,81,M,186113.0
2000,81,F,334897.0
2000,82,M,176829.0
2000,82,F,327749.0
2000,83,M,162418.0
2000,83,F,308317.0
2000,84,M,148040.0
2000,84,F,291459.0
2000,85,M,129263.0
2000,85,F,262156.0
2000,86,M,114673.0
2000,86,F,242931.0
2000,87,M,94535.0
2000,87,F,211300.0
2000,88,M,78478.0
2000,88,F,185414.0
2000,89,M,61185.0
2000,89,F,154647.0
2000,90,M,49784.0
2000,90,F,130292.0
2000,91,M,37987.0
2000,91,F,104685.0
2000,92,M,28086.0
2000,92,F,81465.0
2000,93,M,20830.0
2000,93,F,63341.0
2000,94,M,12919.0
2000,94,F,41674.0
2000,95,M,9515.0
2000,95,F,32967.0
2000,96,M,6514.0
2000,96,F,23320.0
2000,97,M,4433.0
2000,97,F,17280.0
2000,98,M,2824.0
2000,98,F,11838.0
2000,99,M,1825.0
2000,99,F,8109.0
2000,100,M,2029.0
2000,100,F,10240.0
2005,0,M,542153.0
2005,0,F,518626.99999999994
2005,1,M,560354.0
2005,1,F,535043.0
2005,2,M,573972.0
2005,2,F,545826.0
2005,3,M,591312.0
2005,3,F,562390.0
2005,4,M,599702.0
2005,4,F,569469.0
2005,5,M,610020.0
2005,5,F,577331.0
2005,6,M,607005.0
2005,6,F,577060.0
2005,7,M,613634.0
2005,7,F,584073.0
2005,8,M,610787.0
2005,8,F,582399.0
2005,9,M,608618.0
2005,9,F,579216.0
2005,10,M,618911.0
2005,10,F,589945.0
2005,11,M,619963.0
2005,11,F,589771.0
2005,12,M,611087.0
2005,12,F,580638.0
2005,13,M,622729.0
2005,13,F,590785.0
2005,14,M,621383.0
2005,14,F,590807.0
2005,15,M,635069.0
2005,15,F,603429.0
2005,16,M,656046.0
2005,16,F,621467.0
2005,17,M,677934.0
2005,17,F,640103.0
2005,18,M,699867.0
2005,18,F,662363.0
2005,19,M,719689.0
2005,19,F,676622.0
2005,20,M,745206.0
2005,20,F,703390.0
2005,21,M,757719.0
2005,21,F,719764.0
2005,22,M,760913.0
2005,22,F,726624.0
2005,23,M,750380.0
2005,23,F,725159.0
2005,24,M,759823.0
2005,24,F,732319.0
2005,25,M,790285.0
2005,25,F,763069.0
2005,26,M,810536.0
2005,26,F,784634.0
2005,27,M,842391.0
2005,27,F,819495.0
2005,28,M,866324.0
2005,28,F,842329.0
2005,29,M,910329.0
2005,29,F,884997.0
2005,30,M,953985.0
2005,30,F,927299.0
2005,31,M,1004317.0
2005,31,F,976573.0
2005,32,M,1019646.0
2005,32,F,998264.0
2005,33,M,1002558.0
2005,33,F,977572.0
2005,34,M,977724.0
2005,34,F,957271.0
2005,35,M,950436.0
2005,35,F,929880.0
2005,36,M,932284.0
2005,36,F,916482.0
2005,37,M,914948.0
2005,37,F,898965.0
2005,38,M,913479.0
2005,38,F,896387.0
2005,39,M,714122.0
2005,39,F,705046.0
2005,40,M,887372.0
2005,40,F,873568.0
2005,41,M,831856.0
2005,41,F,818060.0
2005,42,M,809924.0
2005,42,F,798354.0
2005,43,M,782804.0
2005,43,F,773480.0
2005,44,M,773486.0
2005,44,F,763846.0
2005,45,M,778241.0
2005,45,F,772190.0
2005,46,M,793821.0
2005,46,F,788334.0
2005,47,M,770454.0
2005,47,F,769301.0
2005,48,M,751722.0
2005,48,F,749551.0
2005,49,M,790986.0
2005,49,F,789944.0
2005,50,M,819999.0
2005,50,F,817282.0
2005,51,M,819929.0
2005,51,F,819828.0
2005,52,M,869837.0
2005,52,F,876207.0
2005,53,M,917567.0
2005,53,F,927216.0
2005,54,M,975446.0
2005,54,F,984980.0
2005,55,M,1048460.0
2005,55,F,1063580.0
2005,56,M,1150271.0
2005,56,F,1167771.0
2005,57,M,1140965.0
2005,57,F,1160903.0
2005,58,M,1084478.0
2005,58,F,1104420.0
2005,59,M,676602.0
2005,59,F,696118.0
2005,60,M,721711.0
2005,60,F,754814.0
2005,61,M,878487.0
2005,61,F,924196.0
2005,62,M,853397.0
2005,62,F,898349.0
2005,63,M,873413.0
2005,63,F,925081.0
2005,64,M,847167.0
2005,64,F,900704.0
2005,65,M,766937.0
2005,65,F,823179.0
2005,66,M,664054.0
2005,66,F,717658.0
2005,67,M,701752.0
2005,67,F,770967.0
2005,68,M,717657.0
2005,68,F,791974.0
2005,69,M,711081.0
2005,69,F,795142.0
2005,70,M,670459.0
2005,70,F,764820.0
2005,71,M,624171.0
2005,71,F,725215.0
2005,72,M,613917.0
2005,72,F,726927.0
2005,73,M,588629.0
2005,73,F,707820.0
2005,74,M,556196.0
2005,74,F,683062.0
2005,75,M,513902.00000000006
2005,75,F,646780.0
2005,76,M,486495.0
2005,76,F,628000.0
2005,77,M,454987.0
2005,77,F,602934.0
2005,78,M,420467.0
2005,78,F,575935.0
2005,79,M,390121.0
2005,79,F,560870.0
2005,80,M,340523.0
2005,80,F,521328.0
2005,81,M,283152.0
2005,81,F,466911.0
2005,82,M,232639.0
2005,82,F,437540.0
2005,83,M,199747.0
2005,83,F,404438.0
2005,84,M,171753.0
2005,84,F,365256.0
2005,85,M,161422.0
2005,85,F,355012.0
2005,86,M,117834.0
2005,86,F,263367.0
2005,87,M,106335.0
2005,87,F,249368.0
2005,88,M,92655.0
2005,88,F,225553.0
2005,89,M,79218.0
2005,89,F,204199.0
2005,90,M,64657.0
2005,90,F,174907.0
2005,91,M,53353.0
2005,91,F,152753.0
2005,92,M,40662.0
2005,92,F,125027.0
2005,93,M,30886.0
2005,93,F,101279.0
2005,94,M,21921.0
2005,94,F,77963.0
2005,95,M,16004.999999999998
2005,95,F,59792.0
2005,96,M,10822.0
2005,96,F,44250.0
2005,97,M,7259.0
2005,97,F,31001.0
2005,98,M,4774.0
2005,98,F,22075.0
2005,99,M,2727.0
2005,99,F,13108.0
2005,100,M,3773.0
2005,100,F,21647.0
2010,0,M,536581.0
2010,0,F,511683.0
2010,1,M,536024.0
2010,1,F,511676.0
2010,2,M,550861.0
2010,2,F,525657.0
2010,3,M,548619.0
2010,3,F,523224.00000000006
2010,4,M,544630.0
2010,4,F,519263.00000000006
2010,5,M,542992.0
2010,5,F,517753.00000000006
2010,6,M,562986.0
2010,6,F,538206.0
2010,7,M,573937.0
2010,7,F,545749.0
2010,8,M,588857.0
2010,8,F,561298.0
2010,9,M,597383.0
2010,9,F,568342.0
2010,10,M,604546.0
2010,10,F,573214.0
2010,11,M,603525.0
2010,11,F,575550.0
2010,12,M,613296.0
2010,12,F,584983.0
2010,13,M,609951.0
2010,13,F,582939.0
2010,14,M,607278.0
2010,14,F,578167.0
2010,15,M,626690.0
2010,15,F,594867.0
2010,16,M,631657.0
2010,16,F,597250.0
2010,17,M,619478.0
2010,17,F,585963.0
2010,18,M,628487.0
2010,18,F,594844.0
2010,19,M,620890.0
2010,19,F,592885.0
2010,20,M,630450.0
2010,20,F,605590.0
2010,21,M,645467.0
2010,21,F,622795.0
2010,22,M,667521.0
2010,22,F,640934.0
2010,23,M,684481.0
2010,23,F,658285.0
2010,24,M,699396.0
2010,24,F,669829.0
2010,25,M,725464.0
2010,25,F,699727.0
2010,26,M,747984.0
2010,26,F,722051.0
2010,27,M,757172.0
2010,27,F,732477.0
2010,28,M,757551.0
2010,28,F,736974.0
2010,29,M,766902.0
2010,29,F,744511.0
2010,30,M,800808.0
2010,30,F,777412.0
2010,31,M,821184.0
2010,31,F,795932.0
2010,32,M,855158.0
2010,32,F,830436.0
2010,33,M,876110.0
2010,33,F,851387.0
2010,34,M,919998.0
2010,34,F,892336.0
2010,35,M,962463.0
2010,35,F,933303.0
2010,36,M,1013924.0
2010,36,F,983876.0
2010,37,M,1030096.0
2010,37,F,1002809.0
2010,38,M,1011772.0
2010,38,F,982191.0
2010,39,M,983840.0
2010,39,F,959405.0
2010,40,M,956125.0
2010,40,F,932608.0
2010,41,M,939401.0
2010,41,F,921465.0
2010,42,M,918456.0
2010,42,F,902903.0
2010,43,M,917071.0
2010,43,F,899618.0
2010,44,M,714602.0
2010,44,F,706252.0
2010,45,M,884141.0
2010,45,F,873116.0
2010,46,M,828489.0
2010,46,F,816260.0
2010,47,M,807418.0
2010,47,F,798924.0
2010,48,M,780425.0
2010,48,F,773821.0
2010,49,M,768161.0
2010,49,F,761892.0
2010,50,M,773400.0
2010,50,F,769794.0
2010,51,M,785984.0
2010,51,F,784931.0
2010,52,M,764206.0
2010,52,F,766685.0
2010,53,M,743186.0
2010,53,F,746268.0
2010,54,M,780347.0
2010,54,F,785164.0
2010,55,M,807820.0
2010,55,F,812374.0
2010,56,M,807888.0
2010,56,F,815272.0
2010,57,M,855730.0
2010,57,F,870742.0
2010,58,M,902064.0
2010,58,F,921365.0
2010,59,M,956205.0
2010,59,F,978679.0
2010,60,M,1027103.0000000001
2010,60,F,1054691.0
2010,61,M,1121374.0
2010,61,F,1157353.0
2010,62,M,1109907.0
2010,62,F,1151178.0
2010,63,M,1053488.0
2010,63,F,1095045.0
2010,64,M,653306.0
2010,64,F,688808.0
2010,65,M,692579.0
2010,65,F,744976.0
2010,66,M,837102.0
2010,66,F,908667.0
2010,67,M,806626.0
2010,67,F,880368.0
2010,68,M,822769.0
2010,68,F,904965.0
2010,69,M,794282.0
2010,69,F,879499.0
2010,70,M,712464.0
2010,70,F,800008.0
2010,71,M,612319.0
2010,71,F,696451.0
2010,72,M,642257.0
2010,72,F,745497.0
2010,73,M,647665.0
2010,73,F,763681.0
2010,74,M,634469.0
2010,74,F,763382.0
2010,75,M,590448.0
2010,75,F,729306.0
2010,76,M,541304.0
2010,76,F,686334.0
2010,77,M,523054.99999999994
2010,77,F,684473.0
2010,78,M,492762.0
2010,78,F,660844.0
2010,79,M,453736.0
2010,79,F,629975.0
2010,80,M,409381.0
2010,80,F,589882.0
2010,81,M,375198.0
2010,81,F,565488.0
2010,82,M,341582.0
2010,82,F,534994.0
2010,83,M,306369.0
2010,83,F,503048.0
2010,84,M,272707.0
2010,84,F,477555.0
2010,85,M,225450.0
2010,85,F,429344.0
2010,86,M,179000.0
2010,86,F,373331.0
2010,87,M,139486.0
2010,87,F,337588.0
2010,88,M,113784.0
2010,88,F,301699.0
2010,89,M,92441.0
2010,89,F,261880.99999999997
2010,90,M,80250.0
2010,90,F,239049.0
2010,91,M,54088.0
2010,91,F,167270.0
2010,92,M,45226.0
2010,92,F,148948.0
2010,93,M,36118.0
2010,93,F,124937.0
2010,94,M,28070.0
2010,94,F,104948.0
2010,95,M,19994.0
2010,95,F,78184.0
2010,96,M,15096.0
2010,96,F,62699.0
2010,97,M,10181.0
2010,97,F,45948.0
2010,98,M,6852.0
2010,98,F,33158.0
2010,99,M,4050.0
2010,99,F,22133.0
2010,100,M,5871.0
2010,100,F,38124.0
2015,0,M,490551.0
2015,0,F,470249.0
2015,1,M,498723.0
2015,1,F,475218.0
2015,2,M,516320.00000000006
2015,2,F,494107.0
2015,3,M,519866.99999999994
2015,3,F,496617.0
2015,4,M,535281.0
2015,4,F,509284.0
2015,5,M,537301.0
2015,5,F,510482.0
2015,6,M,542371.0
2015,6,F,516212.0
2015,7,M,552580.0
2015,7,F,526394.0
2015,8,M,548663.0
2015,8,F,522188.0
2015,9,M,543900.0
2015,9,F,519070.00000000006
2015,10,M,545166.0
2015,10,F,519751.0
2015,11,M,564010.0
2015,11,F,538893.0
2015,12,M,575394.0
2015,12,F,547248.0
2015,13,M,592766.0
2015,13,F,563720.0
2015,14,M,601553.0
2015,14,F,571339.0
2015,15,M,618079.0
2015,15,F,582538.0
2015,16,M,617953.0
2015,16,F,584064.0
2015,17,M,627509.0
2015,17,F,592503.0
2015,18,M,624914.0
2015,18,F,593060.0
2015,19,M,623934.0
2015,19,F,589860.0
2015,20,M,631957.0
2015,20,F,599458.0
2015,21,M,628229.0
2015,21,F,596018.0
2015,22,M,615484.0
2015,22,F,585226.0
2015,23,M,624464.0
2015,23,F,594217.0
2015,24,M,622011.0
2015,24,F,593660.0
2015,25,M,632466.0
2015,25,F,606164.0
2015,26,M,647356.0
2015,26,F,620725.0
2015,27,M,668944.0
2015,27,F,640723.0
2015,28,M,685941.0
2015,28,F,660028.0
2015,29,M,698586.0
2015,29,F,671547.0
2015,30,M,723253.0
2015,30,F,701141.0
2015,31,M,745810.0
2015,31,F,724938.0
2015,32,M,757460.0
2015,32,F,735552.0
2015,33,M,757476.0
2015,33,F,738109.0
2015,34,M,767134.0
2015,34,F,745262.0
2015,35,M,799800.0
2015,35,F,778025.0
2015,36,M,821430.0
2015,36,F,797768.0
2015,37,M,852959.0
2015,37,F,829706.0
2015,38,M,876099.0
2015,38,F,851144.0
2015,39,M,918136.0
2015,39,F,892244.0
2015,40,M,958130.0
2015,40,F,931902.0
2015,41,M,1012511.0
2015,41,F,982265.0
2015,42,M,1026356.0
2015,42,F,1003088.0
2015,43,M,1009733.0
2015,43,F,982927.0
2015,44,M,980942.0
2015,44,F,958739.0
2015,45,M,951285.0
2015,45,F,930150.0
2015,46,M,935133.0
2015,46,F,917329.0
2015,47,M,913750.0
2015,47,F,897776.0
2015,48,M,912178.0
2015,48,F,895913.0
2015,49,M,710017.0
2015,49,F,702836.0
2015,50,M,877083.0
2015,50,F,866839.0
2015,51,M,821484.0
2015,51,F,812167.0
2015,52,M,799493.0
2015,52,F,792668.0
2015,53,M,772026.0
2015,53,F,767202.0
2015,54,M,759174.0
2015,54,F,755976.0
2015,55,M,761798.0
2015,55,F,763457.0
2015,56,M,775505.0
2015,56,F,778076.0
2015,57,M,751701.0
2015,57,F,759370.0
2015,58,M,729723.0
2015,58,F,738651.0
2015,59,M,765327.0
2015,59,F,777413.0
2015,60,M,790296.0
2015,60,F,803522.0
2015,61,M,787013.0
2015,61,F,805188.0
2015,62,M,831813.0
2015,62,F,859026.0
2015,63,M,876539.0
2015,63,F,910557.0
2015,64,M,924292.0
2015,64,F,964155.0
2015,65,M,985834.0
2015,65,F,1036983.0
2015,66,M,1073374.0
2015,66,F,1136460.0
2015,67,M,1055611.0
2015,67,F,1126852.0
2015,68,M,995808.0
2015,68,F,1066592.0
2015,69,M,612337.0
2015,69,F,669334.0
2015,70,M,645055.0
2015,70,F,722351.0
2015,71,M,774786.0
2015,71,F,879122.0
2015,72,M,740753.0
2015,72,F,848469.0
2015,73,M,748834.0
2015,73,F,870261.0
2015,74,M,715271.0
2015,74,F,841645.0
2015,75,M,635379.0
2015,75,F,761417.0
2015,76,M,539597.0
2015,76,F,658812.0
2015,77,M,556896.0
2015,77,F,700263.0
2015,78,M,553011.0
2015,78,F,711506.0
2015,79,M,532118.0
2015,79,F,704504.0
2015,80,M,482787.0
2015,80,F,665392.0
2015,81,M,431914.0
2015,81,F,620249.0
2015,82,M,405105.0
2015,82,F,609606.0
2015,83,M,368809.0
2015,83,F,576303.0
2015,84,M,326586.0
2015,84,F,539482.0
2015,85,M,280809.0
2015,85,F,490143.0
2015,86,M,245774.0
2015,86,F,458590.0
2015,87,M,212571.0
2015,87,F,419663.0
2015,88,M,179701.0
2015,88,F,378648.0
2015,89,M,149084.0
2015,89,F,341293.0
2015,90,M,114759.0
2015,90,F,292493.0
2015,91,M,84806.0
2015,91,F,240836.0
2015,92,M,61300.0
2015,92,F,203916.0
2015,93,M,43727.0
2015,93,F,161044.0
2015,94,M,32168.0
2015,94,F,127779.0
2015,95,M,25014.0
2015,95,F,107286.0
2015,96,M,14897.0
2015,96,F,67542.0
2015,97,M,10941.0
2015,97,F,53524.0
2015,98,M,7575.0
2015,98,F,39995.0
2015,99,M,5220.0
2015,99,F,29520.0
2015,100,M,8395.0
2015,100,F,53488.0
2020,0,M,464318.0
2020,0,F,441319.0
2020,1,M,474031.0
2020,1,F,450585.0
2020,2,M,485768.0
2020,2,F,461770.0
2020,3,M,497952.0
2020,3,F,473376.0
2020,4,M,510649.0
2020,4,F,485504.0
2020,5,M,489673.0
2020,5,F,469612.0
2020,6,M,498073.0
2020,6,F,474876.0
2020,7,M,515830.00000000006
2020,7,F,493995.0
2020,8,M,519558.0
2020,8,F,496729.0
2020,9,M,535176.0
2020,9,F,509589.0
2020,10,M,537468.0
2020,10,F,510978.0
2020,11,M,542826.0
2020,11,F,516890.99999999994
2020,12,M,553294.0
2020,12,F,527253.0
2020,13,M,549589.0
2020,13,F,523220.0
2020,14,M,544936.0
2020,14,F,520121.99999999994
2020,15,M,546207.0
2020,15,F,520730.0
2020,16,M,565200.0
2020,16,F,540108.0
2020,17,M,577212.0
2020,17,F,549391.0
2020,18,M,595695.0
2020,18,F,567481.0
2020,19,M,606016.0
2020,19,F,577422.0
2020,20,M,624423.0
2020,20,F,591357.0
2020,21,M,626435.0
2020,21,F,595484.0
2020,22,M,637958.0
2020,22,F,605682.0
2020,23,M,637105.0
2020,23,F,607012.0
2020,24,M,637199.0
2020,24,F,603292.0
2020,25,M,645160.0
2020,25,F,611118.0
2020,26,M,640289.0
2020,26,F,605280.0
2020,27,M,625598.0
2020,27,F,592019.0
2020,28,M,632029.0
2020,28,F,598671.0
2020,29,M,627089.0
2020,29,F,596376.0
2020,30,M,635508.0
2020,30,F,607734.0
2020,31,M,648933.0
2020,31,F,621542.0
2020,32,M,669388.0
2020,32,F,640923.0
2020,33,M,685529.0
2020,33,F,659781.0
2020,34,M,697476.0
2020,34,F,671016.0
2020,35,M,721446.0
2020,35,F,700333.0
2020,36,M,743320.0
2020,36,F,723887.0
2020,37,M,754338.0
2020,37,F,734301.0
2020,38,M,753838.0
2020,38,F,736717.0
2020,39,M,763050.0
2020,39,F,743771.0
2020,40,M,795284.0
2020,40,F,776440.0
2020,41,M,816624.0
2020,41,F,796182.0
2020,42,M,847794.0
2020,42,F,828031.0
2020,43,M,870516.0
2020,43,F,849324.0
2020,44,M,911871.0
2020,44,F,890127.0
2020,45,M,951097.0
2020,45,F,929407.0
2020,46,M,1004515.0
2020,46,F,979261.0
2020,47,M,1017608.0
2020,47,F,999578.0
2020,48,M,1000369.0
2020,48,F,978974.0
2020,49,M,970977.0
2020,49,F,954303.0
2020,50,M,940618.0
2020,50,F,925200.0
2020,51,M,923517.0
2020,51,F,911740.0
2020,52,M,901226.0
2020,52,F,891579.0
2020,53,M,898438.0
2020,53,F,888999.0
2020,54,M,698243.0
2020,54,F,696821.0
2020,55,M,861382.0
2020,55,F,858810.0
2020,56,M,805510.0
2020,56,F,804028.0
2020,57,M,782619.0
2020,57,F,784168.0
2020,58,M,754341.0
2020,58,F,758434.0
2020,59,M,740270.0
2020,59,F,746774.0
2020,60,M,741088.0
2020,60,F,753517.0
2020,61,M,752427.0
2020,61,F,767203.0
2020,62,M,727176.0
2020,62,F,747949.0
2020,63,M,703660.0
2020,63,F,726701.0
2020,64,M,735441.0
2020,64,F,763876.0
2020,65,M,756532.0
2020,65,F,788452.0
2020,66,M,750264.0
2020,66,F,788917.0
2020,67,M,789485.0
2020,67,F,840280.0
2020,68,M,827999.0
2020,68,F,889066.0
2020,69,M,868692.0
2020,69,F,939531.0
2020,70,M,921461.0
2020,70,F,1008282.0
2020,71,M,997162.0
2020,71,F,1102228.0
2020,72,M,974106.0
2020,72,F,1089744.0
2020,73,M,912459.0
2020,73,F,1028112.0000000001
2020,74,M,556609.0
2020,74,F,642697.0
2020,75,M,580966.0
2020,75,F,690461.0
2020,76,M,690642.0
2020,76,F,835920.0
2020,77,M,652205.0
2020,77,F,801816.0
2020,78,M,649787.0
2020,78,F,816472.0
2020,79,M,610181.0
2020,79,F,782935.0
2020,80,M,531282.0
2020,80,F,701237.0
2020,81,M,440743.0
2020,81,F,599562.0
2020,82,M,442842.0
2020,82,F,628412.0
2020,83,M,426523.0
2020,83,F,628125.0
2020,84,M,396423.0
2020,84,F,610258.0
2020,85,M,346058.0
2020,85,F,563923.0
2020,86,M,296570.0
2020,86,F,512477.99999999994
2020,87,M,265154.0
2020,87,F,489017.0
2020,88,M,228748.0
2020,88,F,446348.0
2020,89,M,190748.0
2020,89,F,400841.0
2020,90,M,153363.0
2020,90,F,347027.0
2020,91,M,124655.0
2020,91,F,307174.0
2020,92,M,99498.0
2020,92,F,264000.0
2020,93,M,77098.0
2020,93,F,222111.0
2020,94,M,58169.0
2020,94,F,185346.0
2020,95,M,40387.0
2020,95,F,145962.0
2020,96,M,26698.0
2020,96,F,109572.0
2020,97,M,17092.0
2020,97,F,83703.0
2020,98,M,10700.0
2020,98,F,58930.0
2020,99,M,6846.0
2020,99,F,41177.0
2020,100,M,10320.0
2020,100,F,73392.0
2025,0,M,433215.0
2025,0,F,411752.0
2025,1,M,436790.0
2025,1,F,415182.0
2025,2,M,441529.0
2025,2,F,419715.0
2025,3,M,447613.0
2025,3,F,425526.0
2025,4,M,455031.0
2025,4,F,432618.0
2025,5,M,463602.0
2025,5,F,440837.0
2025,6,M,473485.0
2025,6,F,450331.0
2025,7,M,485373.0
2025,7,F,461733.0
2025,8,M,497706.0
2025,8,F,473532.0
2025,9,M,510598.0
2025,9,F,485845.0
2025,10,M,489896.0
2025,10,F,470144.0
2025,11,M,498560.0
2025,11,F,475577.0
2025,12,M,516558.99999999994
2025,12,F,494864.0
2025,13,M,520490.0
2025,13,F,497761.0
2025,14,M,536227.0
2025,14,F,510650.0
2025,15,M,538527.0
2025,15,F,511971.0
2025,16,M,544040.0
2025,16,F,518124.0
2025,17,M,555159.0
2025,17,F,529432.0
2025,18,M,552629.0
2025,18,F,527095.0
2025,19,M,549633.0
2025,19,F,526459.0
2025,20,M,552969.0
2025,20,F,529985.0
2025,21,M,574108.0
2025,21,F,551925.0
2025,22,M,588115.0
2025,22,F,562968.0
2025,23,M,608198.0
2025,23,F,581671.0
2025,24,M,619493.0
2025,24,F,590983.0
2025,25,M,637776.0
2025,25,F,603111.0
2025,26,M,638618.0
2025,26,F,604818.0
2025,27,M,648090.0
2025,27,F,612480.0
2025,28,M,644712.0
2025,28,F,611483.0
2025,29,M,642303.0
2025,29,F,606042.0
2025,30,M,648237.0
2025,30,F,612741.0
2025,31,M,642016.0
2025,31,F,606263.0
2025,32,M,626410.0
2025,32,F,592542.0
2025,33,M,632039.0
2025,33,F,598774.0
2025,34,M,626488.0
2025,34,F,596215.0
2025,35,M,634279.0
2025,35,F,607329.0
2025,36,M,647062.0
2025,36,F,620901.0
2025,37,M,666854.0
2025,37,F,640049.0
2025,38,M,682416.0
2025,38,F,658718.0
2025,39,M,693929.0
2025,39,F,669854.0
2025,40,M,717535.0
2025,40,F,699093.0
2025,41,M,739144.0
2025,41,F,722630.0
2025,42,M,749951.0
2025,42,F,733031.0
2025,43,M,749234.0
2025,43,F,735378.0
2025,44,M,758080.0
2025,44,F,742272.0
2025,45,M,789725.0
2025,45,F,774628.0
2025,46,M,810479.0
2025,46,F,794022.0
2025,47,M,840909.0
2025,47,F,825405.0
2025,48,M,862840.0
2025,48,F,846182.0
2025,49,M,903081.0
2025,49,F,886294.0
2025,50,M,940993.0
2025,50,F,924776.0
2025,51,M,992723.0
2025,51,F,973664.0
2025,52,M,1004421.0
2025,52,F,993094.0
2025,53,M,986120.0
2025,53,F,971858.0
2025,54,M,955855.0
2025,54,F,946634.0
2025,55,M,924672.0
2025,55,F,917085.0
2025,56,M,906520.0
2025,56,F,903113.0
2025,57,M,883234.0
2025,57,F,882552.0
2025,58,M,878984.0
2025,58,F,879410.0
2025,59,M,681727.0
2025,59,F,688747.0
2025,60,M,839266.0
2025,60,F,848248.0
2025,61,M,782873.0
2025,61,F,793401.0
2025,62,M,758520.0
2025,62,F,773019.0
2025,63,M,728866.0
2025,63,F,746829.0
2025,64,M,712872.0
2025,64,F,734482.0
2025,65,M,711070.0
2025,65,F,740178.0
2025,66,M,719121.0
2025,66,F,752578.0
2025,67,M,692045.0
2025,67,F,732552.0
2025,68,M,666622.0
2025,68,F,710513.0
2025,69,M,693341.0
2025,69,F,745450.0
2025,70,M,709471.0
2025,70,F,767827.0
2025,71,M,699557.0
2025,71,F,766486.0
2025,72,M,731511.0
2025,72,F,814234.0
2025,73,M,761916.0
2025,73,F,858896.0
2025,74,M,793297.0
2025,74,F,904460.0
2025,75,M,834354.0
2025,75,F,966675.0
2025,76,M,894164.0
2025,76,F,1051692.0
2025,77,M,863635.0
2025,77,F,1033934.0
2025,78,M,798208.0
2025,78,F,968999.0
2025,79,M,479253.0
2025,79,F,601016.0
2025,80,M,490997.0
2025,80,F,639766.0
2025,81,M,571156.0
2025,81,F,766184.0
2025,82,M,525999.0
2025,82,F,725574.0
2025,83,M,509184.0
2025,83,F,727800.0
2025,84,M,462776.0
2025,84,F,685756.0
2025,85,M,388401.0
2025,85,F,601823.0
2025,86,M,309259.0
2025,86,F,502575.0
2025,87,M,296839.0
2025,87,F,512482.99999999994
2025,88,M,271653.0
2025,88,F,495958.0
2025,89,M,238432.0
2025,89,F,463794.0
2025,90,M,195242.0
2025,90,F,409756.0
2025,91,M,155863.0
2025,91,F,353457.0
2025,92,M,128913.99999999999
2025,92,F,317798.0
2025,93,M,102182.0
2025,93,F,271356.0
2025,94,M,77737.0
2025,94,F,226352.0
2025,95,M,56584.0
2025,95,F,180678.0
2025,96,M,41280.0
2025,96,F,146241.0
2025,97,M,29297.0
2025,97,F,113831.0
2025,98,M,19989.0
2025,98,F,85776.0
2025,99,M,13155.0
2025,99,F,63328.0
2025,100,M,17579.0
2025,100,F,114994.0
2030,0,M,419826.0
2030,0,F,399022.0
2030,1,M,422485.0
2030,1,F,401580.0
2030,2,M,424904.0
2030,2,F,403907.0
2030,3,M,427247.0
2030,3,F,406162.0
2030,4,M,429728.0
2030,4,F,408562.0
2030,5,M,432647.0
2030,5,F,411404.0
2030,6,M,436370.0
2030,6,F,415037.0
2030,7,M,441241.0
2030,7,F,419762.0
2030,8,M,447460.0
2030,8,F,425745.0
2030,9,M,455058.0
2030,9,F,433006.0
2030,10,M,463861.0
2030,10,F,441391.0
2030,11,M,473994.0
2030,11,F,451046.0
2030,12,M,486111.0
2030,12,F,462605.0
2030,13,M,498640.0
2030,13,F,474562.0
2030,14,M,511648.0
2030,14,F,486901.0
2030,15,M,490943.0
2030,15,F,471133.0
2030,16,M,499780.0
2030,16,F,476819.0
2030,17,M,518458.99999999994
2030,17,F,497077.0
2030,18,M,523606.0
2030,18,F,501710.0
2030,19,M,541002.0
2030,19,F,517056.00000000006
2030,20,M,545393.0
2030,20,F,521318.99999999994
2030,21,M,553151.0
2030,21,F,530149.0
2030,22,M,566292.0
2030,22,F,543206.0
2030,23,M,565483.0
2030,23,F,541566.0
2030,24,M,563482.0
2030,24,F,540260.0
2030,25,M,566693.0
2030,25,F,541935.0
2030,26,M,586552.0
2030,26,F,561402.0
2030,27,M,598505.0
2030,27,F,569945.0
2030,28,M,616006.0
2030,28,F,586305.0
2030,29,M,624758.0
2030,29,F,593843.0
2030,30,M,640964.0
2030,30,F,604824.0
2030,31,M,640426.0
2030,31,F,605856.0
2030,32,M,648848.0
2030,32,F,612959.0
2030,33,M,644736.0
2030,33,F,611590.0
2030,34,M,641717.0
2030,34,F,605908.0
2030,35,M,647046.0
2030,35,F,612381.0
2030,36,M,640289.0
2030,36,F,605734.0
2030,37,M,624207.0
2030,37,F,591882.0
2030,38,M,629323.0
2030,38,F,597967.0
2030,39,M,623440.0
2030,39,F,595356.0
2030,40,M,630973.0
2030,40,F,606449.0
2030,41,M,643562.0
2030,41,F,620033.0
2030,42,M,663131.0
2030,42,F,639146.0
2030,43,M,678428.0
2030,43,F,657710.0
2030,44,M,689612.0
2030,44,F,668689.0
2030,45,M,712751.0
2030,45,F,697653.0
2030,46,M,733846.0
2030,46,F,720864.0
2030,47,M,744150.0
2030,47,F,730914.0
2030,48,M,742939.0
2030,48,F,732874.0
2030,49,M,751111.0
2030,49,F,739307.0
2030,50,M,781724.0
2030,50,F,771018.0
2030,51,M,801395.0
2030,51,F,789750.0
2030,52,M,830507.0
2030,52,F,820339.0
2030,53,M,851115.0
2030,53,F,840342.0
2030,54,M,889687.0
2030,54,F,879523.0
2030,55,M,925828.0
2030,55,F,917068.0
2030,56,M,975380.0
2030,56,F,964922.0
2030,57,M,985393.0
2030,57,F,983558.0
2030,58,M,965847.0
2030,58,F,961904.0
2030,59,M,934490.0
2030,59,F,936292.0
2030,60,M,902140.0
2030,60,F,906370.0
2030,61,M,882378.0
2030,61,F,891799.0
2030,62,M,857470.0
2030,62,F,870672.0
2030,63,M,850872.0
2030,63,F,866692.0
2030,64,M,657755.0
2030,64,F,677979.0
2030,65,M,807012.0
2030,65,F,834059.0
2030,66,M,749936.0
2030,66,F,779094.0
2030,67,M,723648.0
2030,67,F,757971.0
2030,68,M,692311.0
2030,68,F,731095.0
2030,69,M,673934.0
2030,69,F,717712.0
2030,70,M,668822.0
2030,70,F,721841.0
2030,71,M,672674.0
2030,71,F,732315.0
2030,72,M,643447.0
2030,72,F,711054.0
2030,73,M,615713.0
2030,73,F,687705.0
2030,74,M,635738.0
2030,74,F,719171.0
2030,75,M,645271.0
2030,75,F,737958.0
2030,76,M,630439.0
2030,76,F,733419.0
2030,77,M,652281.0
2030,77,F,775080.0
2030,78,M,670990.0
2030,78,F,812620.0
2030,79,M,688433.0
2030,79,F,849594.0
2030,80,M,711631.0
2030,80,F,900368.0
2030,81,M,747340.0
2030,81,F,969802.0
2030,82,M,705026.0
2030,82,F,942232.0
2030,83,M,634179.0
2030,83,F,870850.0
2030,84,M,369163.0
2030,84,F,531397.0
2030,85,M,365206.0
2030,85,F,555016.0
2030,86,M,408486.0
2030,86,F,650196.0
2030,87,M,360060.0
2030,87,F,600125.0
2030,88,M,331889.0
2030,88,F,584106.0
2030,89,M,285544.0
2030,89,F,531144.0
2030,90,M,225395.0
2030,90,F,447011.0
2030,91,M,167629.0
2030,91,F,355463.0
2030,92,M,149233.0
2030,92,F,342620.0
2030,93,M,125791.0
2030,93,F,311105.0
2030,94,M,100974.0
2030,94,F,270980.0
2030,95,M,75048.0
2030,95,F,221334.0
2030,96,M,53927.0
2030,96,F,175092.0
2030,97,M,39781.0
2030,97,F,143052.0
2030,98,M,27853.0
2030,98,F,109820.0
2030,99,M,18537.0
2030,99,F,81388.0
2030,100,M,28874.0
2030,100,F,163581.0
2035,0,M,401570.0
2035,0,F,381669.0
2035,1,M,405368.0
2035,1,F,385307.0
2035,2,M,409131.0
2035,2,F,388912.0
2035,3,M,412786.0
2035,3,F,392413.0
2035,4,M,416218.0
2035,4,F,395715.0
2035,5,M,419340.0
2035,5,F,398747.0
2035,6,M,422127.0
2035,6,F,401487.0
2035,7,M,424666.0
2035,7,F,403993.0
2035,8,M,427140.0
2035,8,F,406413.0
2035,9,M,429796.0
2035,9,F,408976.0
2035,10,M,432938.0
2035,10,F,411979.0
2035,11,M,436898.0
2035,11,F,415763.0
2035,12,M,441979.0
2035,12,F,420632.0
2035,13,M,448376.0
2035,13,F,426757.0
2035,14,M,456080.0
2035,14,F,434041.0
2035,15,M,464904.0
2035,15,F,442377.0
2035,16,M,475221.0
2035,16,F,452295.0
2035,17,M,488037.0
2035,17,F,464846.0
2035,18,M,501812.0
2035,18,F,478573.0
2035,19,M,516530.99999999994
2035,19,F,493428.0
2035,20,M,498065.0
2035,20,F,480754.0
2035,21,M,509205.0
2035,21,F,489179.0
2035,22,M,529893.0
2035,22,F,511118.0
2035,23,M,536701.0
2035,23,F,516361.0
2035,24,M,554960.0
2035,24,F,530926.0
2035,25,M,559208.0
2035,25,F,533322.0
2035,26,M,565726.0
2035,26,F,539707.0
2035,27,M,576818.0
2035,27,F,550277.0
2035,28,M,573531.0
2035,28,F,546415.0
2035,29,M,569088.0
2035,29,F,543434.0
2035,30,M,570335.0
2035,30,F,544030.0
2035,31,M,588719.0
2035,31,F,562709.0
2035,32,M,599605.0
2035,32,F,570672.0
2035,33,M,616252.0
2035,33,F,586562.0
2035,34,M,624329.0
2035,34,F,593796.0
2035,35,M,639884.0
2035,35,F,604535.0
2035,36,M,638789.0
2035,36,F,605379.0
2035,37,M,646629.0
2035,37,F,612293.0
2035,38,M,642061.0
2035,38,F,610804.0
2035,39,M,638709.0
2035,39,F,605085.0
2035,40,M,643802.0
2035,40,F,611555.0
2035,41,M,636961.0
2035,41,F,604980.0
2035,42,M,620856.0
2035,42,F,591188.0
2035,43,M,625793.0
2035,43,F,597209.0
2035,44,M,619719.0
2035,44,F,594489.0
2035,45,M,626937.0
2035,45,F,605378.0
2035,46,M,639140.0
2035,46,F,618696.0
2035,47,M,658220.0
2035,47,F,637473.0
2035,48,M,672978.0
2035,48,F,655642.0
2035,49,M,683553.0
2035,49,F,666195.0
2035,50,M,705846.0
2035,50,F,694595.0
2035,51,M,725979.0
2035,51,F,717196.0
2035,52,M,735335.0
2035,52,F,726651.0
2035,53,M,733260.0
2035,53,F,728045.0
2035,54,M,740417.0
2035,54,F,733893.0
2035,55,M,769635.0
2035,55,F,764846.0
2035,56,M,787958.0
2035,56,F,782927.0
2035,57,M,815421.0
2035,57,F,812764.0
2035,58,M,834358.0
2035,58,F,832077.0
2035,59,M,870676.0
2035,59,F,870318.0
2035,60,M,904300.0
2035,60,F,906829.0
2035,61,M,950637.0
2035,61,F,953398.0
2035,62,M,958040.0
2035,62,F,970963.0
2035,63,M,936448.0
2035,63,F,948676.0
2035,64,M,903284.0
2035,64,F,922457.0
2035,65,M,869105.0
2035,65,F,891965.0
2035,66,M,846985.0
2035,66,F,876540.0
2035,67,M,819847.0
2035,67,F,854592.0
2035,68,M,810103.0
2035,68,F,849373.0
2035,69,M,623356.0
2035,69,F,663261.0
2035,70,M,761097.0
2035,70,F,814439.0
2035,71,M,703509.0
2035,71,F,759160.0
2035,72,M,674911.0
2035,72,F,736836.0
2035,73,M,641575.0
2035,73,F,708810.0
2035,74,M,620173.0
2035,74,F,693707.0
2035,75,M,610698.0
2035,75,F,695236.0
2035,76,M,608865.0
2035,76,F,702429.0
2035,77,M,576607.0
2035,77,F,678760.0
2035,78,M,545356.0
2035,78,F,652768.0
2035,79,M,555416.0
2035,79,F,678103.0
2035,80,M,554695.0
2035,80,F,690372.0
2035,81,M,531744.0
2035,81,F,679791.0
2035,82,M,538111.0
2035,82,F,710577.0
2035,83,M,539539.0
2035,83,F,735416.0
2035,84,M,537535.0
2035,84,F,757270.0
2035,85,M,537413.0
2035,85,F,788380.0
2035,86,M,543566.0
2035,86,F,831776.0
2035,87,M,491657.0
2035,87,F,788868.0
2035,88,M,421915.0
2035,88,F,708794.0
2035,89,M,232991.0
2035,89,F,418347.0
2035,90,M,217291.0
2035,90,F,420117.0
2035,91,M,227569.0
2035,91,F,470005.0
2035,92,M,186506.0
2035,92,F,411261.0
2035,93,M,158717.0
2035,93,F,376644.0
2035,94,M,125172.0
2035,94,F,319864.0
2035,95,M,89893.0
2035,95,F,249516.0
2035,96,M,60330.0
2035,96,F,182446.0
2035,97,M,48037.0
2035,97,F,160268.0
2035,98,M,35869.0
2035,98,F,131281.0
2035,99,M,25259.0
2035,99,F,101972.0
2035,100,M,41059.0
2035,100,F,215189.0
2040,0,M,381372.0
2040,0,F,362469.0
2040,1,M,385378.0
2040,1,F,366302.0
2040,2,M,389341.0
2040,2,F,370095.0
2040,3,M,393294.0
2040,3,F,373879.0
2040,4,M,397232.0
2040,4,F,377660.0
2040,5,M,401153.0
2040,5,F,381451.0
2040,6,M,405058.0
2040,6,F,385250.0
2040,7,M,408927.0
2040,7,F,389016.0
2040,8,M,412701.0
2040,8,F,392671.0
2040,9,M,416302.0
2040,9,F,396131.0
2040,10,M,419640.0
2040,10,F,399320.0
2040,11,M,422655.0
2040,11,F,402207.0
2040,12,M,425396.0
2040,12,F,404849.0
2040,13,M,428037.0
2040,13,F,407401.0
2040,14,M,430787.0
2040,14,F,409978.0
2040,15,M,433943.0
2040,15,F,412929.0
2040,16,M,438067.0
2040,16,F,416950.0
2040,17,M,443786.0
2040,17,F,422722.0
2040,18,M,451322.0
2040,18,F,430460.0
2040,19,M,460603.0
2040,19,F,440057.0
2040,20,M,471581.0
2040,20,F,451349.0
2040,21,M,484250.0
2040,21,F,464059.0
2040,22,M,499220.0
2040,22,F,478519.0
2040,23,M,514813.99999999994
2040,23,F,493067.0
2040,24,M,530654.0
2040,24,F,507441.0
2040,25,M,511219.0
2040,25,F,492277.0
2040,26,M,521182.0
2040,26,F,498283.0
2040,27,M,540176.0
2040,27,F,518068.0
2040,28,M,544519.0
2040,28,F,521101.0
2040,29,M,560530.0
2040,29,F,534087.0
2040,30,M,562835.0
2040,30,F,535406.0
2040,31,M,567992.0
2040,31,F,541103.0
2040,32,M,578101.0
2040,32,F,551138.0
2040,33,M,574008.0
2040,33,F,546833.0
2040,34,M,568895.0
2040,34,F,543528.0
2040,35,M,569543.0
2040,35,F,543878.0
2040,36,M,587339.0
2040,36,F,562345.0
2040,37,M,597666.0
2040,37,F,570123.0
2040,38,M,613792.0
2040,38,F,585869.0
2040,39,M,621497.0
2040,39,F,593037.0
2040,40,M,636780.0
2040,40,F,603780.0
2040,41,M,635586.0
2040,41,F,604681.0
2040,42,M,643292.0
2040,42,F,611621.0
2040,43,M,638603.0
2040,43,F,610095.0
2040,44,M,635057.0
2040,44,F,604273.0
2040,45,M,639858.0
2040,45,F,610568.0
2040,46,M,632767.0
2040,46,F,603785.0
2040,47,M,616452.0
2040,47,F,589759.0
2040,48,M,620977.0
2040,48,F,595460.0
2040,49,M,614505.0
2040,49,F,592405.0
2040,50,M,621118.0
2040,50,F,602870.0
2040,51,M,632572.0
2040,51,F,615708.0
2040,52,M,650746.0
2040,52,F,633932.0
2040,53,M,664575.0
2040,53,F,651517.0
2040,54,M,674225.0
2040,54,F,661527.0
2040,55,M,695373.0
2040,55,F,689261.0
2040,56,M,714297.0
2040,56,F,711244.0
2040,57,M,722514.0
2040,57,F,720200.0
2040,58,M,719406.0
2040,58,F,721161.0
2040,59,M,725236.0
2040,59,F,726507.0
2040,60,M,752469.0
2040,60,F,756635.0
2040,61,M,768793.0
2040,61,F,773940.0
2040,62,M,793741.0
2040,62,F,802774.0
2040,63,M,810059.0
2040,63,F,821121.0
2040,64,M,842873.0
2040,64,F,858028.0
2040,65,M,872632.0
2040,65,F,893076.0
2040,66,M,914148.0
2040,66,F,937840.0
2040,67,M,917778.0
2040,67,F,953867.0
2040,68,M,893427.0
2040,68,F,930604.0
2040,69,M,857982.0
2040,69,F,903399.0
2040,70,M,821600.0
2040,70,F,871953.0
2040,71,M,796580.0
2040,71,F,855150.0
2040,72,M,766739.0
2040,72,F,831865.0
2040,73,M,752970.0
2040,73,F,824690.0
2040,74,M,575479.0
2040,74,F,642129.0
2040,75,M,697390.0
2040,75,F,785871.0
2040,76,M,639237.0
2040,76,F,729710.0
2040,77,M,607434.0
2040,77,F,705070.0
2040,78,M,571104.0
2040,78,F,674682.0
2040,79,M,544972.0
2040,79,F,656217.0
2040,80,M,528548.0
2040,80,F,652865.0
2040,81,M,517621.99999999994
2040,81,F,653940.0
2040,82,M,480051.0
2040,82,F,625477.0
2040,83,M,443139.0
2040,83,F,594300.0
2040,84,M,438871.0
2040,84,F,608633.0
2040,85,M,424545.0
2040,85,F,609376.0
2040,86,M,392568.0
2040,86,F,588440.0
2040,87,M,381502.0
2040,87,F,601246.0
2040,88,M,365551.0
2040,88,F,605905.0
2040,89,M,346153.0
2040,89,F,604652.0
2040,90,M,326937.0
2040,90,F,606635.0
2040,91,M,310323.0
2040,91,F,612778.0
2040,92,M,261574.0
2040,92,F,552449.0
2040,93,M,207698.0
2040,93,F,468313.0
2040,94,M,105364.0
2040,94,F,258810.0
2040,95,M,89596.0
2040,95,F,241495.0
2040,96,M,84874.0
2040,96,F,249042.0
2040,97,M,62368.0
2040,97,F,199129.0
2040,98,M,47141.0
2040,98,F,165008.0
2040,99,M,32701.0
2040,99,F,125383.0
2040,100,M,52065.0
2040,100,F,257050.0
2045,0,M,359609.0
2045,0,F,341783.0
2045,1,M,363940.0
2045,1,F,345923.0
2045,2,M,368261.0
2045,2,F,350054.0
2045,3,M,372569.0
2045,3,F,354172.0
2045,4,M,376825.0
2045,4,F,358254.0
2045,5,M,381005.0
2045,5,F,362286.0
2045,6,M,385102.0
2045,6,F,366263.0
2045,7,M,389160.0
2045,7,F,370204.0
2045,8,M,393225.0
2045,8,F,374133.0
2045,9,M,397322.0
2045,9,F,378064.0
2045,10,M,401449.0
2045,10,F,382005.0
2045,11,M,405573.0
2045,11,F,385946.0
2045,12,M,409636.0
2045,12,F,389846.0
2045,13,M,413575.0
2045,13,F,393630.0
2045,14,M,417269.0
2045,14,F,397106.0
2045,15,M,420621.0
2045,15,F,400246.0
2045,16,M,423797.0
2045,16,F,403360.0
2045,17,M,427149.0
2045,17,F,406868.0
2045,18,M,430868.0
2045,18,F,410946.0
2045,19,M,435086.0
2045,19,F,415675.0
2045,20,M,440209.0
2045,20,F,421322.0
2045,21,M,446430.0
2045,21,F,427817.0
2045,22,M,453999.0
2045,22,F,435180.0
2045,23,M,463060.0
2045,23,F,443519.0
2045,24,M,473239.0
2045,24,F,452576.0
2045,25,M,484075.0
2045,25,F,462186.0
2045,26,M,495678.0
2045,26,F,472715.0
2045,27,M,508946.0
2045,27,F,485050.0
2045,28,M,522354.00000000006
2045,28,F,497622.0
2045,29,M,536026.0
2045,29,F,510497.0
2045,30,M,514581.0
2045,30,F,494234.0
2045,31,M,523321.0
2045,31,F,499608.0
2045,32,M,541430.0
2045,32,F,518913.0
2045,33,M,545026.0
2045,33,F,521534.0
2045,34,M,560394.0
2045,34,F,534211.0
2045,35,M,562111.0
2045,35,F,535289.0
2045,36,M,566724.0
2045,36,F,540789.0
2045,37,M,576301.0
2045,37,F,550647.0
2045,38,M,571792.0
2045,38,F,546229.0
2045,39,M,566396.0
2045,39,F,542879.0
2045,40,M,566869.0
2045,40,F,543246.0
2045,41,M,584491.0
2045,41,F,561748.0
2045,42,M,594690.0
2045,42,F,569553.0
2045,43,M,610607.0
2045,43,F,585251.0
2045,44,M,618076.0
2045,44,F,592311.0
2045,45,M,633028.0
2045,45,F,602882.0
2045,46,M,631566.0
2045,46,F,603571.0
2045,47,M,638910.0
2045,47,F,610235.0
2045,48,M,633887.0
2045,48,F,608409.0
2045,49,M,629929.0
2045,49,F,602264.0
2045,50,M,634157.0
2045,50,F,608160.0
2045,51,M,626524.0
2045,51,F,601002.0
2045,52,M,609730.0
2045,52,F,586625.0
2045,53,M,613531.0
2045,53,F,591871.0
2045,54,M,606451.0
2045,54,F,588421.0
2045,55,M,612266.0
2045,55,F,598422.0
2045,56,M,622793.0
2045,56,F,610796.0
2045,57,M,639842.0
2045,57,F,628519.0
2045,58,M,652506.0
2045,58,F,645591.0
2045,59,M,660938.0
2045,59,F,655122.0
2045,60,M,680470.0
2045,60,F,682142.0
2045,61,M,697611.0
2045,61,F,703392.0
2045,62,M,704073.0
2045,62,F,711692.0
2045,63,M,699301.0
2045,63,F,712044.0
2045,64,M,703014.0
2045,64,F,716667.0
2045,65,M,727179.0
2045,65,F,745638.0
2045,66,M,740458.0
2045,66,F,761844.0
2045,67,M,761690.0
2045,67,F,789244.0
2045,68,M,774272.0
2045,68,F,806152.0
2045,69,M,802188.0
2045,69,F,841067.0
2045,70,M,826690.0
2045,70,F,873904.0
2045,71,M,861714.0
2045,71,F,915939.0
2045,72,M,860448.0
2045,72,F,929592.0
2045,73,M,832635.0
2045,73,F,904731.0
2045,74,M,794375.0
2045,74,F,875876.0
2045,75,M,755191.0
2045,75,F,842728.0
2045,76,M,726299.0
2045,76,F,823484.0
2045,77,M,692736.0
2045,77,F,797673.0
2045,78,M,673201.0
2045,78,F,786880.0
2045,79,M,508266.0
2045,79,F,609131.0
2045,80,M,607157.0
2045,80,F,740386.0
2045,81,M,547202.0
2045,81,F,681927.0
2045,82,M,509778.0
2045,82,F,652616.0
2045,83,M,468355.0
2045,83,F,617445.0
2045,84,M,435166.0
2045,84,F,592555.0
2045,85,M,409361.0
2045,85,F,580311.0
2045,86,M,387248.0
2045,86,F,570641.0
2045,87,M,345391.0
2045,87,F,534163.0
2045,88,M,305170.0
2045,88,F,494890.0
2045,89,M,287751.0
2045,89,F,492008.0
2045,90,M,263462.0
2045,90,F,475668.0
2045,91,M,229086.0
2045,91,F,440772.0
2045,92,M,207905.0
2045,92,F,429162.0
2045,93,M,184713.0
2045,93,F,409064.0
2045,94,M,161009.0
2045,94,F,383160.0
2045,95,M,138939.0
2045,95,F,358025.0
2045,96,M,119539.0
2045,96,F,334138.0
2045,97,M,90549.0
2045,97,F,275941.0
2045,98,M,64015.0
2045,98,F,212220.0
2045,99,M,28634.0
2045,99,F,105252.0
2045,100,M,65456.0
2045,100,F,314824.0
2050,0,M,336647.0
2050,0,F,319957.0
2050,1,M,341204.0
2050,1,F,324310.0
2050,2,M,345770.0
2050,2,F,328672.0
2050,3,M,350321.0
2050,3,F,333019.0
2050,4,M,354831.0
2050,4,F,337340.0
2050,5,M,359286.0
2050,5,F,341629.0
2050,6,M,363696.0
2050,6,F,345898.0
2050,7,M,368101.0
2050,7,F,350165.0
2050,8,M,372513.0
2050,8,F,354420.0
2050,9,M,376920.0
2050,9,F,358643.0
2050,10,M,381294.0
2050,10,F,362817.0
2050,11,M,385599.0
2050,11,F,366929.0
2050,12,M,389841.0
2050,12,F,370998.0
2050,13,M,394063.0
2050,13,F,375051.0
2050,14,M,398251.0
2050,14,F,378999.0
2050,15,M,402396.0
2050,15,F,382895.0
2050,16,M,406677.0
2050,16,F,387058.0
2050,17,M,411337.0
2050,17,F,391795.0
2050,18,M,416327.0
2050,18,F,397064.0
2050,19,M,421454.0
2050,19,F,402635.0
2050,20,M,426722.0
2050,20,F,408395.0
2050,21,M,431919.0
2050,21,F,413890.0
2050,22,M,437014.0
2050,22,F,418877.0
2050,23,M,442110.0
2050,23,F,423431.0
2050,24,M,447056.0
2050,24,F,427517.0
2050,25,M,451904.0
2050,25,F,431454.0
2050,26,M,456996.0
2050,26,F,435814.0
2050,27,M,462874.0
2050,27,F,441137.0
2050,28,M,469875.0
2050,28,F,447638.0
2050,29,M,478066.0
2050,29,F,455326.0
2050,30,M,487297.0
2050,30,F,464051.0
2050,31,M,497751.0
2050,31,F,473999.0
2050,32,M,510171.0
2050,32,F,485870.0
2050,33,M,522885.0
2050,33,F,498064.0
2050,34,M,535946.0
2050,34,F,510647.0
2050,35,M,513969.00000000006
2050,35,F,494157.0
2050,36,M,522207.0
2050,36,F,499350.0
2050,37,M,539804.0
2050,37,F,518484.00000000006
2050,38,M,542985.0
2050,38,F,520993.00000000006
2050,39,M,558002.0
2050,39,F,533610.0
2050,40,M,559547.0
2050,40,F,534708.0
2050,41,M,564060.0
2050,41,F,540260.0
2050,42,M,573524.0
2050,42,F,550145.0
2050,43,M,568927.0
2050,43,F,545704.0
2050,44,M,563388.0
2050,44,F,542269.0
2050,45,M,563649.0
2050,45,F,542498.0
2050,46,M,580930.0
2050,46,F,560784.0
2050,47,M,590790.0
2050,47,F,568339.0
2050,48,M,606267.0
2050,48,F,583720.0
2050,49,M,613273.0
2050,49,F,590439.0
2050,50,M,627597.0
2050,50,F,600615.0
2050,51,M,625562.0
2050,51,F,600909.0
2050,52,M,632195.0
2050,52,F,607126.0
2050,53,M,626559.0
2050,53,F,604884.0
2050,54,M,621971.0
2050,54,F,598365.0
2050,55,M,625446.0
2050,55,F,603838.0
2050,56,M,617191.0
2050,56,F,596380.0
2050,57,M,599885.0
2050,57,F,581795.0
2050,58,M,602793.0
2050,58,F,586678.0
2050,59,M,594933.0
2050,59,F,582925.0
2050,60,M,599622.0
2050,60,F,592459.0
2050,61,M,608779.0
2050,61,F,604292.0
2050,62,M,624118.0
2050,62,F,621362.0
2050,63,M,634954.0
2050,63,F,637730.0
2050,64,M,641448.0
2050,64,F,646583.0
2050,65,M,658457.0
2050,65,F,672609.0
2050,66,M,672853.0
2050,66,F,692829.0
2050,67,M,676682.0
2050,67,F,700173.0
2050,68,M,669515.0
2050,68,F,699584.0
2050,69,M,670274.0
2050,69,F,703070.0
2050,70,M,690214.0
2050,70,F,730276.0
2050,71,M,699425.0
2050,71,F,744769.0
2050,72,M,715698.0
2050,72,F,769966.0
2050,73,M,723325.0
2050,73,F,784643.0
2050,74,M,744652.0
2050,74,F,816485.0
2050,75,M,762017.0
2050,75,F,845821.0
2050,76,M,788114.0
2050,76,F,883445.0
2050,77,M,780067.0
2050,77,F,893022.0
2050,78,M,747315.0
2050,78,F,865075.0
2050,79,M,704731.0
2050,79,F,832896.0
2050,80,M,660899.0
2050,80,F,796211.0
2050,81,M,625505.0
2050,81,F,772113.0
2050,82,M,585473.0
2050,82,F,741191.0
2050,83,M,556591.0
2050,83,F,723388.0
2050,84,M,409652.0
2050,84,F,552945.0
2050,85,M,475234.0
2050,85,F,662148.0
2050,86,M,414258.0
2050,86,F,599287.0
2050,87,M,371652.0
2050,87,F,561899.0
2050,88,M,327286.0
2050,88,F,519015.0
2050,89,M,289975.0
2050,89,F,484243.0
2050,90,M,258623.0
2050,90,F,458731.0
2050,91,M,230485.0
2050,91,F,433740.0
2050,92,M,192349.0
2050,92,F,387762.0
2050,93,M,157888.0
2050,93,F,340585.0
2050,94,M,137306.0
2050,94,F,318549.0
2050,95,M,115080.0
2050,95,F,287467.0
2050,96,M,90880.0
2050,96,F,246651.0
2050,97,M,74274.0
2050,97,F,220480.0
2050,98,M,58883.0
2050,98,F,191128.0
2050,99,M,45360.0
2050,99,F,161099.0
2050,100,M,96109.0
2050,100,F,435424.0
2055,0,M,315286.0
2055,0,F,299654.0
2055,1,M,319034.0
2055,1,F,303236.0
2055,2,M,323055.0
2055,2,F,307078.0
2055,3,M,327328.0
2055,3,F,311160.0
2055,4,M,331789.0
2055,4,F,315430.0
2055,5,M,336363.0
2055,5,F,319829.0
2055,6,M,340987.0
2055,6,F,324297.0
2055,7,M,345629.0
2055,7,F,328783.0
2055,8,M,350276.0
2055,8,F,333257.0
2055,9,M,354927.0
2055,9,F,337710.0
2055,10,M,359564.0
2055,10,F,342134.0
2055,11,M,364170.0
2055,11,F,346531.0
2055,12,M,368751.0
2055,12,F,350919.0
2055,13,M,373312.0
2055,13,F,355292.0
2055,14,M,377805.0
2055,14,F,359532.0
2055,15,M,382198.0
2055,15,F,363665.0
2055,16,M,386656.0
2055,16,F,367990.0
2055,17,M,391469.0
2055,17,F,372858.0
2055,18,M,396699.0
2055,18,F,378329.0
2055,19,M,402264.0
2055,19,F,384285.0
2055,20,M,408255.0
2055,20,F,390702.0
2055,21,M,414498.0
2055,21,F,397175.0
2055,22,M,420866.0
2055,22,F,403374.0
2055,23,M,427219.0
2055,23,F,409142.0
2055,24,M,433079.0
2055,24,F,414120.0
2055,25,M,438087.0
2055,25,F,418230.0
2055,26,M,442169.0
2055,26,F,421640.0
2055,27,M,445585.0
2055,27,F,424626.0
2055,28,M,448645.0
2055,28,F,427381.0
2055,29,M,451646.0
2055,29,F,430135.0
2055,30,M,454944.0
2055,30,F,433217.0
2055,31,M,458941.0
2055,31,F,437019.0
2055,32,M,464024.0
2055,32,F,441906.0
2055,33,M,470389.0
2055,33,F,448059.0
2055,34,M,478034.0
2055,34,F,455484.0
2055,35,M,486759.0
2055,35,F,464003.0
2055,36,M,496736.0
2055,36,F,473779.0
2055,37,M,508689.0
2055,37,F,485497.0
2055,38,M,520982.99999999994
2055,38,F,497579.0
2055,39,M,533719.0
2055,39,F,510106.0
2055,40,M,511687.0
2055,40,F,493654.0
2055,41,M,519822.0
2055,41,F,498898.0
2055,42,M,537281.0
2055,42,F,518052.0
2055,43,M,540350.0
2055,43,F,520535.99999999994
2055,44,M,555135.0
2055,44,F,533060.0
2055,45,M,556475.0
2055,45,F,534026.0
2055,46,M,560740.0
2055,46,F,539392.0
2055,47,M,569893.0
2055,47,F,549037.0
2055,48,M,565024.0
2055,48,F,544347.0
2055,49,M,559162.0
2055,49,F,540633.0
2055,50,M,558981.0
2055,50,F,540544.0
2055,51,M,575597.0
2055,51,F,558411.0
2055,52,M,584791.0
2055,52,F,565553.0
2055,53,M,599494.0
2055,53,F,580461.0
2055,54,M,605784.0
2055,54,F,586751.0
2055,55,M,619264.0
2055,55,F,596491.0
2055,56,M,616555.0
2055,56,F,596442.0
2055,57,M,622329.0
2055,57,F,602292.0
2055,58,M,615961.0
2055,58,F,599753.0
2055,59,M,610555.0
2055,59,F,592960.0
2055,60,M,612966.0
2055,60,F,598018.0
2055,61,M,603776.0
2055,61,F,590239.0
2055,62,M,585651.0
2055,62,F,575391.0
2055,63,M,587143.0
2055,63,F,579777.0
2055,64,M,578003.0
2055,64,F,575592.0
2055,65,M,580902.0
2055,65,F,584476.0
2055,66,M,587922.0
2055,66,F,595548.0
2055,67,M,600666.0
2055,67,F,611677.0
2055,68,M,608818.0
2055,68,F,626986.0
2055,69,M,612559.0
2055,69,F,634776.0
2055,70,M,626068.0
2055,70,F,659273.0
2055,71,M,636752.0
2055,71,F,677885.0
2055,72,M,637103.0
2055,72,F,683713.0
2055,73,M,626822.0
2055,73,F,681622.0
2055,74,M,623665.0
2055,74,F,683302.0
2055,75,M,637844.0
2055,75,F,707708.0
2055,76,M,641470.0
2055,76,F,719376.0
2055,77,M,650838.0
2055,77,F,740877.0
2055,78,M,651454.0
2055,78,F,751646.0
2055,79,M,663238.0
2055,79,F,778086.0
2055,80,M,669940.0
2055,80,F,801125.0
2055,81,M,682381.0
2055,81,F,830742.0
2055,82,M,663401.0
2055,82,F,832608.0
2055,83,M,622339.0
2055,83,F,798434.0
2055,84,M,572723.0
2055,84,F,759581.0
2055,85,M,522198.99999999994
2055,85,F,715923.0
2055,86,M,478594.0
2055,86,F,682795.0
2055,87,M,431934.0
2055,87,F,642779.0
2055,88,M,394106.0
2055,88,F,613147.0
2055,89,M,276987.0
2055,89,F,456241.0
2055,90,M,305128.0
2055,90,F,529299.0
2055,91,M,250999.0
2055,91,F,461458.0
2055,92,M,211075.0
2055,92,F,414051.0
2055,93,M,173000.0
2055,93,F,363353.0
2055,94,M,141622.0
2055,94,F,319625.0
2055,95,M,115831.0
2055,95,F,283225.0
2055,96,M,93925.0
2055,96,F,248477.0
2055,97,M,70723.0
2055,97,F,204367.0
2055,98,M,51907.0
2055,98,F,163617.0
2055,99,M,39977.0
2055,99,F,138048.0
2055,100,M,88690.0
2055,100,F,402797.0
2060,0,M,299338.0
2060,0,F,284497.0
2060,1,M,302128.0
2060,1,F,287166.0
2060,2,M,305061.0
2060,2,F,289972.0
2060,3,M,308173.0
2060,3,F,292950.0
2060,4,M,311489.0
2060,4,F,296129.0
2060,5,M,315035.0
2060,5,F,299547.0
2060,6,M,318841.0
2060,6,F,303232.0
2060,7,M,322931.0
2060,7,F,307188.0
2060,8,M,327293.0
2060,8,F,311387.0
2060,9,M,331884.0
2060,9,F,315781.0
2060,10,M,336629.0
2060,10,F,320305.0
2060,11,M,341436.0
2060,11,F,324893.0
2060,12,M,346243.0
2060,12,F,329494.0
2060,13,M,351031.0
2060,13,F,334080.0
2060,14,M,355765.0
2060,14,F,338551.0
2060,15,M,360422.0
2060,15,F,342937.0
2060,16,M,365175.0
2060,16,F,347536.0
2060,17,M,370299.0
2060,17,F,352683.0
2060,18,M,375820.0
2060,18,F,358403.0
2060,19,M,381628.0
2060,19,F,364555.0
2060,20,M,387783.0
2060,20,F,371091.0
2060,21,M,394115.0
2060,21,F,377622.0
2060,22,M,400563.0
2060,22,F,383890.0
2060,23,M,407104.0
2060,23,F,389850.0
2060,24,M,413384.0
2060,24,F,395258.0
2060,25,M,419152.0
2060,25,F,400123.0
2060,26,M,424358.0
2060,26,F,404624.0
2060,27,M,429144.0
2060,27,F,408924.0
2060,28,M,433559.0
2060,28,F,412973.0
2060,29,M,437551.0
2060,29,F,416671.0
2060,30,M,441061.0
2060,30,F,419955.0
2060,31,M,444080.0
2060,31,F,422824.0
2060,32,M,446722.0
2060,32,F,425385.0
2060,33,M,449167.0
2060,33,F,427802.0
2060,34,M,451649.0
2060,34,F,430304.0
2060,35,M,454477.0
2060,35,F,433192.0
2060,36,M,458043.0
2060,36,F,436838.0
2060,37,M,462716.0
2060,37,F,441589.0
2060,38,M,468722.0
2060,38,F,447647.0
2060,39,M,476096.0
2060,39,F,455029.0
2060,40,M,484652.0
2060,40,F,463560.0
2060,41,M,494527.0
2060,41,F,473382.0
2060,42,M,506378.0
2060,42,F,485127.0
2060,43,M,518529.0
2060,43,F,497180.0
2060,44,M,531061.0
2060,44,F,509622.0
2060,45,M,508966.0
2060,45,F,493069.0
2060,46,M,516860.0
2060,46,F,498145.0
2060,47,M,533989.0
2060,47,F,517065.00000000006
2060,48,M,536764.0
2060,48,F,519304.0
2060,49,M,551106.0
2060,49,F,531522.0
2060,50,M,552014.0
2060,50,F,532179.0
2060,51,M,555756.0
2060,51,F,537194.0
2060,52,M,564289.0
2060,52,F,546441.0
2060,53,M,558910.0
2060,53,F,541411.0
2060,54,M,552549.0
2060,54,F,537366.0
2060,55,M,551793.0
2060,55,F,536951.0
2060,56,M,567569.0
2060,56,F,554390.0
2060,57,M,575952.0
2060,57,F,561190.0
2060,58,M,589671.0
2060,58,F,575689.0
2060,59,M,595013.0
2060,59,F,581614.0
2060,60,M,607295.0
2060,60,F,590919.0
2060,61,M,603579.0
2060,61,F,590489.0
2060,62,M,608037.0
2060,62,F,595869.0
2060,63,M,600488.0
2060,63,F,592922.0
2060,64,M,593748.0
2060,64,F,585743.0
2060,65,M,594453.0
2060,65,F,590227.0
2060,66,M,583761.0
2060,66,F,581988.0
2060,67,M,564349.0
2060,67,F,566731.0
2060,68,M,563736.0
2060,68,F,570350.0
2060,69,M,552776.0
2060,69,F,565450.0
2060,70,M,553194.0
2060,70,F,573295.0
2060,71,M,557318.0
2060,71,F,583155.0
2060,72,M,566566.0
2060,72,F,597804.0
2060,73,M,571123.0
2060,73,F,611456.0
2060,74,M,571185.0
2060,74,F,617562.0
2060,75,M,579908.0
2060,75,F,639629.0
2060,76,M,585467.0
2060,76,F,655611.0
2060,77,M,580977.0
2060,77,F,658835.0
2060,78,M,566296.0
2060,78,F,654035.0
2060,79,M,557446.0
2060,79,F,652403.0
2060,80,M,563066.0
2060,80,F,671786.0
2060,81,M,558058.0
2060,81,F,678196.0
2060,82,M,556574.0
2060,82,F,692826.0
2060,83,M,546008.0
2060,83,F,696177.0
2060,84,M,543009.0
2060,84,F,712507.0
2060,85,M,533837.0
2060,85,F,723789.0
2060,86,M,527128.0
2060,86,F,738725.0
2060,87,M,494696.0
2060,87,F,726701.0
2060,88,M,445947.0
2060,88,F,681785.0
2060,89,M,392404.0
2060,89,F,632130.0
2060,90,M,340228.0
2060,90,F,578001.0
2060,91,M,294712.0
2060,91,F,531866.0
2060,92,M,249724.0
2060,92,F,480023.0
2060,93,M,212428.0
2060,93,F,435885.0
2060,94,M,138180.0
2060,94,F,306412.0
2060,95,M,139825.0
2060,95,F,333180.0
2060,96,M,104833.0
2060,96,F,270050.0
2060,97,M,79684.0
2060,97,F,223362.0
2060,98,M,58506.0
2060,98,F,179036.0
2060,99,M,42499.0
2060,99,F,142391.0
2060,100,M,88957.0
2060,100,F,390679.0
2065,0,M,285936.0
2065,0,F,271759.0
2065,1,M,288509.0
2065,1,F,274220.0
2065,2,M,291090.0
2065,2,F,276691.0
2065,3,M,293707.0
2065,3,F,279197.0
2065,4,M,296375.0
2065,4,F,281759.0
2065,5,M,299113.0
2065,5,F,284406.0
2065,6,M,301954.0
2065,6,F,287168.0
2065,7,M,304949.0
2065,7,F,290080.0
2065,8,M,308146.0
2065,8,F,293167.0
2065,9,M,311583.0
2065,9,F,296461.0
2065,10,M,315288.0
2065,10,F,299995.0
2065,11,M,319265.0
2065,11,F,303791.0
2065,12,M,323507.0
2065,12,F,307853.0
2065,13,M,328001.0
2065,13,F,312158.0
2065,14,M,332671.0
2065,14,F,316569.0
2065,15,M,337436.0
2065,15,F,321059.0
2065,16,M,342383.0
2065,16,F,325839.0
2065,17,M,347704.0
2065,17,F,331154.0
2065,18,M,353399.0
2065,18,F,337011.0
2065,19,M,359377.0
2065,19,F,343287.0
2065,20,M,365705.0
2065,20,F,349948.0
2065,21,M,372239.0
2065,21,F,356643.0
2065,22,M,378923.0
2065,22,F,363129.0
2065,23,M,385699.0
2065,23,F,369328.0
2065,24,M,392199.0
2065,24,F,374975.0
2065,25,M,398154.0
2065,25,F,380049.0
2065,26,M,403510.0
2065,26,F,384714.0
2065,27,M,408463.0
2065,27,F,389183.0
2065,28,M,413166.0
2065,28,F,393513.0
2065,29,M,417676.0
2065,29,F,397707.0
2065,30,M,422021.0
2065,30,F,401787.0
2065,31,M,426217.0
2065,31,F,405775.0
2065,32,M,430264.0
2065,32,F,409669.0
2065,33,M,434091.0
2065,33,F,413395.0
2065,34,M,437582.0
2065,34,F,416851.0
2065,35,M,440639.0
2065,35,F,419948.0
2065,36,M,443243.0
2065,36,F,422667.0
2065,37,M,445498.0
2065,37,F,425100.0
2065,38,M,447613.0
2065,38,F,427430.0
2065,39,M,449859.0
2065,39,F,429896.0
2065,40,M,452555.0
2065,40,F,432803.0
2065,41,M,456055.0
2065,41,F,436498.0
2065,42,M,460669.0
2065,42,F,441281.0
2065,43,M,466575.0
2065,43,F,447319.0
2065,44,M,473792.0
2065,44,F,454631.0
2065,45,M,482149.0
2065,45,F,463048.0
2065,46,M,491792.0
2065,46,F,472709.0
2065,47,M,503369.0
2065,47,F,484249.0
2065,48,M,515192.0
2065,48,F,496056.0
2065,49,M,527324.0
2065,49,F,508211.0
2065,50,M,505009.0
2065,50,F,491428.0
2065,51,M,512403.0
2065,51,F,496186.0
2065,52,M,528893.0
2065,52,F,514701.0
2065,53,M,531126.0
2065,53,F,516592.0
2065,54,M,544778.0
2065,54,F,528409.0
2065,55,M,545124.0
2065,55,F,528747.0
2065,56,M,548233.0
2065,56,F,533439.0
2065,57,M,556010.0
2065,57,F,542348.0
2065,58,M,550021.0
2065,58,F,537088.0
2065,59,M,543013.0
2065,59,F,532797.0
2065,60,M,541442.0
2065,60,F,532079.0
2065,61,M,555979.0
2065,61,F,549015.0
2065,62,M,563121.0
2065,62,F,555378.0
2065,63,M,575307.0
2065,63,F,569325.0
2065,64,M,579133.0
2065,64,F,574748.0
2065,65,M,589514.0
2065,65,F,583458.0
2065,66,M,584179.0
2065,66,F,582495.0
2065,67,M,586586.0
2065,67,F,587188.0
2065,68,M,577259.0
2065,68,F,583594.0
2065,69,M,568589.0
2065,69,F,575761.0
2065,70,M,566911.0
2065,70,F,579309.0
2065,71,M,554227.0
2065,71,F,570277.0
2065,72,M,533197.0
2065,72,F,554302.0
2065,73,M,529784.0
2065,73,F,556691.0
2065,74,M,516446.0
2065,74,F,550626.0
2065,75,M,513491.99999999994
2065,75,F,556786.0
2065,76,M,513610.0
2065,76,F,564642.0
2065,77,M,517960.00000000006
2065,77,F,576799.0
2065,78,M,517426.00000000006
2065,78,F,587575.0
2065,79,M,512164.0
2065,79,F,590633.0
2065,80,M,513799.0
2065,80,F,608351.0
2065,81,M,511508.0
2065,81,F,619488.0
2065,82,M,499299.0
2065,82,F,617745.0
2065,83,M,477374.0
2065,83,F,607656.0
2065,84,M,459438.0
2065,84,F,599594.0
2065,85,M,452103.0
2065,85,F,609520.0
2065,86,M,434828.0
2065,86,F,606064.0
2065,87,M,419082.0
2065,87,F,608173.0
2065,88,M,395509.0
2065,88,F,598418.0
2065,89,M,376546.0
2065,89,F,597517.0
2065,90,M,352476.0
2065,90,F,589573.0
2065,91,M,329419.0
2065,91,F,581413.0
2065,92,M,290698.0
2065,92,F,549240.0
2065,93,M,244695.0
2065,93,F,491409.0
2065,94,M,199597.0
2065,94,F,431245.0
2065,95,M,159221.0
2065,95,F,370280.0
2065,96,M,125905.0
2065,96,F,317355.0
2065,97,M,96590.0
2065,97,F,264517.0
2065,98,M,73733.0
2065,98,F,219815.0
2065,99,M,42636.0
2065,99,F,139999.0
2065,100,M,104452.0
2065,100,F,442113.0
